fecha;cliente_id;usuario_id;total
2025-08-06;720;1;6.58
2025-09-16;208;1;28.37
2025-02-18;765;1;149.97
2025-05-02;970;1;34.28
2025-06-16;558;1;277.95
2025-04-19;575;1;87.84
2025-09-18;729;1;140.94
2025-06-15;57;1;144.95
2025-07-03;389;1;79.30
2025-01-19;192;1;83.96
2025-02-03;239;1;39.99
2025-07-27;69;1;12.26
2025-01-25;660;1;85.05
2025-04-04;301;1;72.04
2025-06-05;740;1;32.99
2025-04-19;293;1;3.29
2025-06-20;694;1;65.95
2025-09-01;908;1;189.95
2025-01-11;94;1;7.98
2025-09-16;190;1;138.95
2025-08-21;771;1;2.99
2025-08-11;387;1;59.98
2025-06-07;20;1;14.99
2025-09-01;536;1;46.46
2025-03-30;958;1;29.98
2025-06-13;716;1;128.98
2025-01-12;521;1;154.44
2025-06-29;316;1;124.96
2025-01-27;419;1;7.47
2025-06-16;560;1;22.75
2025-08-18;551;1;79.97
2025-02-21;832;1;2.49
2025-09-01;574;1;84.01
2025-05-10;85;1;61.46
2025-05-30;976;1;39.99
2025-07-01;478;1;102.84
2025-01-31;467;1;54.45
2025-02-21;514;1;1.29
2025-01-05;980;1;59.99
2025-03-30;154;1;12.98
2025-07-01;228;1;464.88
2025-09-30;129;1;50.97
2025-01-09;676;1;24.03
2025-03-10;120;1;74.97
2025-03-10;912;1;72.97
2025-01-15;65;1;126.36
2025-03-26;146;1;49.99
2025-08-30;464;1;3.49
2025-03-11;908;1;64.97
2025-01-13;304;1;389.96
2025-06-11;41;1;119.97
2025-04-29;142;1;177.95
2025-05-23;843;1;18.02
2025-05-31;109;1;31.98
2025-02-09;885;1;133.93
2025-07-08;499;1;34.92
2025-01-27;478;1;253.91
2025-06-26;316;1;176.94
2025-07-20;12;1;79.83
2025-07-15;82;1;158.96
2025-08-13;876;1;53.88
2025-07-11;453;1;8.97
2025-03-27;95;1;437.46
2025-08-26;613;1;36.34
2025-07-22;610;1;60.94
2025-09-02;946;1;8.97
2025-08-09;633;1;4.49
2025-09-26;254;1;49.98
2025-04-16;774;1;20.45
2025-04-13;608;1;16.96
2025-04-10;584;1;46.96
2025-03-16;589;1;113.91
2025-06-17;826;1;18.96
2025-02-13;2;1;559.96
2025-05-16;879;1;217.35
2025-01-15;402;1;8.97
2025-09-05;932;1;399.98
2025-02-25;579;1;127.96
2025-07-03;464;1;169.44
2025-02-17;331;1;49.99
2025-09-24;108;1;309.88
2025-07-07;906;1;36.93
2025-09-30;912;1;10.99
2025-03-05;195;1;10.47
2025-06-27;364;1;44.98
2025-09-25;268;1;1.99
2025-09-17;570;1;91.98
2025-08-01;839;1;112.93
2025-01-10;987;1;273.46
2025-04-21;328;1;7.98
2025-07-10;860;1;57.95
2025-01-28;465;1;9.97
2025-03-03;673;1;83.96
2025-08-08;778;1;17.97
2025-03-04;400;1;169.98
2025-03-08;754;1;247.92
2025-05-27;350;1;33.97
2025-02-07;112;1;8.49
2025-06-27;266;1;8.76
2025-01-30;980;1;15.87
2025-09-30;536;1;500.89
2025-08-24;872;1;47.96
2025-01-22;117;1;330.42
2025-02-13;64;1;144.95
2025-09-27;302;1;38.97
2025-02-02;662;1;79.98
2025-02-14;591;1;169.96
2025-05-14;383;1;8.98
2025-05-28;758;1;230.92
2025-09-25;605;1;120.95
2025-04-05;925;1;104.97
2025-08-20;528;1;210.78
2025-07-04;776;1;35.46
2025-02-01;438;1;60.97
2025-06-07;651;1;106.83
2025-02-26;718;1;36.57
2025-06-29;84;1;548.91
2025-04-11;776;1;154.93
2025-04-13;966;1;170.94
2025-09-08;656;1;74.96
2025-09-09;379;1;38.97
2025-02-18;669;1;53.77
2025-02-13;323;1;49.96
2025-06-14;671;1;134.94
2025-08-08;757;1;16.44
2025-06-02;928;1;128.42
2025-08-28;345;1;221.94
2025-02-15;537;1;210.43
2025-07-12;747;1;209.97
2025-08-10;778;1;16.47
2025-07-20;132;1;3.49
2025-05-19;938;1;10.47
2025-06-25;48;1;14.97
2025-09-01;61;1;14.96
2025-03-14;55;1;77.97
2025-06-01;67;1;1.99
2025-07-10;560;1;163.10
2025-05-06;682;1;39.98
2025-01-25;251;1;429.81
2025-02-23;375;1;3.58
2025-01-29;634;1;11.97
2025-08-23;875;1;124.96
2025-05-02;910;1;179.97
2025-04-03;174;1;398.00
2025-01-30;102;1;59.97
2025-03-23;788;1;96.96
2025-05-01;361;1;65.56
2025-08-22;148;1;214.86
2025-02-13;129;1;8.98
2025-08-16;222;1;92.94
2025-05-03;162;1;5.89
2025-08-05;80;1;98.34
2025-08-03;226;1;26.03
2025-08-05;342;1;234.93
2025-08-02;817;1;130.95
2025-02-20;841;1;25.47
2025-06-13;668;1;69.98
2025-08-09;289;1;8.98
2025-03-15;811;1;101.95
2025-06-21;425;1;871.95
2025-06-09;474;1;10.47
2025-02-10;979;1;154.97
2025-09-27;322;1;38.97
2025-07-05;771;1;3.79
2025-02-13;157;1;49.99
2025-01-24;303;1;57.96
2025-06-03;935;1;99.96
2025-04-05;469;1;68.95
2025-07-04;925;1;7.98
2025-05-10;538;1;104.97
2025-03-19;618;1;79.98
2025-08-27;249;1;8.38
2025-03-18;988;1;32.85
2025-03-10;843;1;329.96
2025-03-13;592;1;25.99
2025-05-23;248;1;5.99
2025-07-24;295;1;184.12
2025-05-29;494;1;31.98
2025-08-11;776;1;119.97
2025-08-16;515;1;7.47
2025-06-10;437;1;14.97
2025-09-19;850;1;19.99
2025-02-06;916;1;46.44
2025-04-05;300;1;209.94
2025-03-18;83;1;34.97
2025-05-08;957;1;176.45
2025-06-03;122;1;209.97
2025-06-19;356;1;150.16
2025-01-18;176;1;156.23
2025-08-09;680;1;149.97
2025-09-22;857;1;39.99
2025-04-23;573;1;22.99
2025-05-30;766;1;409.85
2025-09-11;84;1;9.87
2025-05-01;868;1;4.18
2025-05-23;772;1;129.99
2025-06-21;811;1;33.36
2025-09-23;872;1;34.48
2025-09-09;579;1;198.45
2025-04-23;397;1;7.38
2025-07-17;993;1;270.47
2025-04-15;743;1;11.97
2025-02-13;910;1;14.99
2025-08-30;456;1;35.98
2025-08-27;49;1;149.97
2025-06-10;397;1;128.96
2025-01-31;797;1;8.97
2025-05-08;951;1;309.95
2025-08-18;958;1;155.94
2025-02-22;609;1;65.95
2025-03-15;977;1;22.99
2025-08-06;356;1;23.97
2025-02-03;700;1;39.98
2025-03-04;338;1;119.97
2025-02-12;552;1;5.98
2025-09-20;234;1;286.94
2025-08-07;489;1;74.97
2025-06-21;297;1;153.46
2025-06-04;861;1;169.96
2025-01-18;30;1;12.56
2025-08-28;518;1;24.99
2025-02-02;749;1;9.58
2025-09-11;567;1;99.96
2025-02-14;900;1;34.99
2025-04-08;243;1;174.96
2025-01-08;988;1;43.42
2025-01-11;663;1;122.93
2025-07-16;238;1;599.97
2025-08-12;285;1;39.99
2025-04-02;545;1;189.95
2025-06-22;480;1;359.99
2025-03-13;116;1;5.99
2025-02-08;626;1;16.47
2025-09-16;994;1;38.97
2025-01-20;533;1;41.42
2025-02-13;363;1;273.93
2025-08-17;59;1;601.96
2025-07-11;489;1;359.90
2025-04-10;539;1;8.97
2025-08-08;518;1;65.10
2025-04-04;440;1;114.95
2025-05-12;231;1;66.95
2025-01-22;247;1;67.52
2025-03-29;384;1;109.47
2025-04-28;841;1;15.99
2025-08-29;541;1;123.46
2025-02-15;60;1;9.98
2025-03-14;468;1;40.44
2025-02-03;884;1;64.95
2025-05-25;225;1;81.63
2025-07-31;336;1;74.27
2025-02-14;990;1;117.99
2025-05-07;818;1;24.99
2025-08-12;484;1;117.51
2025-08-08;528;1;16.16
2025-09-03;725;1;86.93
2025-09-25;926;1;128.96
2025-05-23;352;1;159.97
2025-09-19;414;1;45.98
2025-03-10;667;1;3.49
2025-05-24;916;1;158.94
2025-09-11;105;1;14.26
2025-07-23;56;1;39.98
2025-04-13;353;1;79.98
2025-09-16;199;1;11.28
2025-01-20;121;1;182.96
2025-09-02;562;1;89.97
2025-08-26;786;1;174.96
2025-02-13;709;1;4.49
2025-07-31;365;1;43.97
2025-01-09;986;1;37.47
2025-03-20;796;1;58.97
2025-06-17;240;1;13.28
2025-03-14;610;1;71.96
2025-02-12;914;1;6.99
2025-06-10;579;1;331.42
2025-03-04;161;1;47.97
2025-07-31;945;1;60.84
2025-02-06;928;1;109.47
2025-03-18;712;1;59.98
2025-06-08;796;1;107.95
2025-08-06;159;1;699.93
2025-09-26;403;1;41.78
2025-01-20;267;1;102.98
2025-01-03;924;1;93.96
2025-07-11;829;1;69.46
2025-05-18;492;1;65.96
2025-03-08;747;1;46.96
2025-03-04;998;1;31.98
2025-06-23;292;1;62.84
2025-04-15;238;1;104.92
2025-02-14;642;1;89.97
2025-08-21;353;1;231.44
2025-05-03;710;1;39.98
2025-04-17;716;1;161.83
2025-09-09;643;1;119.97
2025-06-23;505;1;209.97
2025-06-12;387;1;9.49
2025-06-23;172;1;69.97
2025-04-27;793;1;77.34
2025-06-03;837;1;99.98
2025-01-24;850;1;103.47
2025-06-22;12;1;180.42
2025-02-28;586;1;192.92
2025-06-12;915;1;149.97
2025-08-12;129;1;39.99
2025-03-19;645;1;21.45
2025-09-17;337;1;70.44
2025-09-26;735;1;4.29
2025-02-02;918;1;123.93
2025-07-20;271;1;94.46
2025-04-08;734;1;111.95
2025-06-15;750;1;584.95
2025-07-28;364;1;119.97
2025-08-02;720;1;125.96
2025-06-17;912;1;115.82
2025-07-14;100;1;8.97
2025-03-17;778;1;49.98
2025-03-10;738;1;19.44
2025-06-26;27;1;30.00
2025-09-04;495;1;41.98
2025-02-19;352;1;49.98
2025-08-30;123;1;34.99
2025-09-26;650;1;36.98
2025-03-21;262;1;94.46
2025-03-31;598;1;137.93
2025-09-30;619;1;160.95
2025-04-22;728;1;254.94
2025-09-27;490;1;275.97
2025-06-12;100;1;29.96
2025-05-25;218;1;189.97
2025-09-16;924;1;60.97
2025-06-17;841;1;59.99
2025-07-01;135;1;107.94
2025-03-02;709;1;92.53
2025-01-19;430;1;82.97
2025-05-16;563;1;161.91
2025-06-13;173;1;10.47
2025-09-30;6;1;120.54
2025-09-08;958;1;179.97
2025-05-29;137;1;124.96
2025-03-08;944;1;119.97
2025-08-12;97;1;9.16
2025-04-05;121;1;29.98
2025-06-24;269;1;249.93
2025-07-16;815;1;126.97
2025-07-13;974;1;369.95
2025-05-06;872;1;34.44
2025-09-13;796;1;51.05
2025-07-31;819;1;39.99
2025-05-31;322;1;389.97
2025-03-11;772;1;26.46
2025-06-15;358;1;117.94
2025-06-06;148;1;169.98
2025-07-21;538;1;265.26
2025-07-15;693;1;98.94
2025-06-24;753;1;88.94
2025-09-29;278;1;78.95
2025-06-20;732;1;49.99
2025-01-05;852;1;234.96
2025-08-28;866;1;14.56
2025-06-07;542;1;89.96
2025-09-10;827;1;14.95
2025-02-13;912;1;14.96
2025-01-09;312;1;24.99
2025-03-17;660;1;19.99
2025-08-14;123;1;63.46
2025-01-24;289;1;78.96
2025-03-12;43;1;269.97
2025-02-21;662;1;99.98
2025-09-06;726;1;89.97
2025-03-06;673;1;112.74
2025-05-30;302;1;607.55
2025-07-05;664;1;6.58
2025-07-23;453;1;29.97
2025-03-09;771;1;9.85
2025-08-02;950;1;202.97
2025-05-25;914;1;54.98
2025-01-26;735;1;254.93
2025-08-01;852;1;110.95
2025-06-02;406;1;49.99
2025-05-04;718;1;190.13
2025-02-11;446;1;68.97
2025-05-26;756;1;19.35
2025-07-25;476;1;125.72
2025-03-29;271;1;111.82
2025-08-06;967;1;104.97
2025-03-06;332;1;114.97
2025-04-06;314;1;182.50
2025-01-20;254;1;41.47
2025-04-14;591;1;31.97
2025-02-10;847;1;185.95
2025-08-16;684;1;189.96
2025-07-11;438;1;83.54
2025-07-17;548;1;12.98
2025-09-23;304;1;50.95
2025-02-22;488;1;5.97
2025-04-21;882;1;79.74
2025-04-30;979;1;39.99
2025-09-20;658;1;150.44
2025-06-23;436;1;4.99
2025-08-07;30;1;159.96
2025-09-18;452;1;84.97
2025-07-05;566;1;14.99
2025-05-28;727;1;129.96
2025-02-15;637;1;221.95
2025-02-03;633;1;34.99
2025-09-29;925;1;11.97
2025-02-15;926;1;541.51
2025-03-05;68;1;7.58
2025-08-01;864;1;64.96
2025-01-30;815;1;154.40
2025-08-23;303;1;19.99
2025-01-20;669;1;29.98
2025-07-26;721;1;75.26
2025-07-21;517;1;8.37
2025-08-08;496;1;3.49
2025-01-19;255;1;186.96
2025-09-26;693;1;54.95
2025-09-16;960;1;68.97
2025-09-25;29;1;10.98
2025-01-11;314;1;45.97
2025-09-02;383;1;116.93
2025-03-11;711;1;179.98
2025-02-06;237;1;74.97
2025-03-23;879;1;10.47
2025-02-24;760;1;299.97
2025-06-18;82;1;5.67
2025-04-02;521;1;24.99
2025-01-02;294;1;13.66
2025-06-26;588;1;172.95
2025-03-22;935;1;99.99
2025-05-31;622;1;71.96
2025-06-24;316;1;3.29
2025-05-25;856;1;66.56
2025-06-07;183;1;387.91
2025-07-17;645;1;905.96
2025-06-27;978;1;20.97
2025-03-19;801;1;10.47
2025-02-04;559;1;219.95
2025-08-11;170;1;199.94
2025-07-19;626;1;133.94
2025-02-25;772;1;29.98
2025-08-25;143;1;99.98
2025-09-23;55;1;5.99
2025-03-12;931;1;5.97
2025-08-11;259;1;6.98
2025-01-13;77;1;708.96
2025-04-20;927;1;31.98
2025-05-18;165;1;64.27
2025-05-24;28;1;649.97
2025-06-09;299;1;39.98
2025-01-07;845;1;54.95
2025-01-02;637;1;14.97
2025-08-21;904;1;257.44
2025-05-28;260;1;279.96
2025-08-29;15;1;69.98
2025-01-20;96;1;429.96
2025-06-06;543;1;129.34
2025-01-30;744;1;2.89
2025-09-19;48;1;63.46
2025-01-09;550;1;163.90
2025-08-13;655;1;215.42
2025-02-18;674;1;1046.91
2025-03-28;379;1;68.55
2025-08-31;793;1;40.03
2025-08-03;578;1;138.94
2025-01-19;118;1;272.92
2025-02-04;235;1;29.99
2025-06-22;864;1;79.99
2025-07-28;463;1;34.99
2025-03-12;165;1;137.94
2025-03-15;952;1;18.97
2025-09-24;695;1;28.96
2025-06-26;887;1;104.97
2025-08-30;429;1;129.97
2025-02-15;283;1;12.99
2025-06-10;138;1;359.99
2025-08-09;16;1;33.77
2025-04-27;601;1;69.03
2025-07-28;221;1;95.97
2025-05-12;215;1;70.42
2025-04-28;8;1;33.97
2025-07-03;289;1;139.98
2025-04-30;324;1;239.97
2025-02-21;225;1;361.41
2025-05-28;41;1;5.99
2025-05-27;358;1;259.34
2025-05-26;974;1;29.76
2025-05-12;321;1;254.94
2025-08-11;573;1;30.97
2025-02-28;895;1;133.39
2025-03-27;288;1;44.96
2025-02-25;440;1;239.97
2025-01-03;764;1;201.43
2025-06-16;769;1;141.46
2025-02-07;914;1;51.96
2025-04-06;126;1;115.63
2025-06-12;722;1;359.96
2025-06-13;657;1;245.96
2025-04-10;520;1;24.34
2025-09-18;944;1;18.96
2025-05-26;218;1;34.47
2025-06-26;744;1;49.36
2025-01-07;873;1;12.99
2025-05-30;701;1;182.95
2025-09-09;130;1;82.44
2025-08-21;118;1;84.55
2025-08-22;254;1;278.90
2025-02-28;706;1;96.97
2025-07-08;134;1;28.64
2025-06-29;919;1;74.97
2025-08-26;766;1;102.47
2025-06-05;617;1;140.91
2025-09-01;786;1;39.98
2025-05-15;619;1;17.96
2025-09-03;184;1;220.95
2025-03-11;344;1;39.96
2025-08-30;329;1;159.95
2025-06-30;176;1;239.98
2025-03-09;715;1;43.36
2025-03-17;764;1;79.99
2025-06-26;525;1;166.93
2025-05-18;507;1;8.97
2025-02-22;551;1;11.98
2025-09-12;697;1;139.44
2025-01-08;216;1;22.85
2025-01-24;728;1;101.96
2025-07-22;48;1;82.27
2025-03-14;69;1;132.25
2025-02-07;587;1;81.45
2025-03-08;955;1;271.92
2025-08-24;306;1;45.95
2025-08-16;520;1;69.97
2025-09-14;404;1;80.13
2025-08-11;882;1;5.98
2025-06-24;347;1;52.97
2025-01-16;359;1;56.97
2025-08-11;132;1;34.15
2025-01-29;26;1;444.92
2025-06-17;835;1;66.73
2025-02-09;691;1;38.64
2025-04-26;804;1;79.44
2025-09-20;548;1;359.92
2025-08-20;83;1;159.98
2025-09-26;778;1;121.96
2025-07-11;76;1;9.87
2025-08-21;429;1;53.42
2025-01-15;541;1;171.93
2025-05-02;860;1;10.47
2025-01-03;209;1;229.90
2025-06-04;365;1;38.37
2025-05-01;3;1;52.97
2025-07-15;118;1;8.49
2025-08-20;623;1;25.98
2025-03-01;768;1;181.93
2025-07-13;276;1;7.47
2025-05-23;643;1;9.98
2025-02-21;937;1;1.99
2025-03-16;856;1;47.96
2025-01-28;299;1;7.47
2025-06-11;155;1;49.99
2025-02-04;300;1;21.55
2025-06-11;459;1;151.27
2025-01-27;444;1;299.99
2025-08-07;568;1;56.54
2025-04-24;606;1;37.97
2025-07-08;961;1;209.97
2025-06-05;443;1;7.18
2025-05-21;98;1;11.96
2025-05-02;734;1;69.43
2025-07-25;396;1;24.99
2025-04-21;32;1;50.97
2025-09-02;263;1;1.99
2025-08-12;932;1;170.45
2025-03-04;769;1;249.94
2025-04-18;194;1;37.44
2025-03-30;649;1;38.97
2025-05-01;250;1;494.95
2025-07-30;846;1;59.97
2025-07-07;347;1;247.29
2025-07-24;636;1;148.61
2025-07-06;543;1;66.95
2025-07-23;238;1;269.97
2025-07-20;873;1;17.97
2025-05-28;491;1;4.49
2025-06-03;90;1;49.99
2025-07-31;177;1;12.99
2025-03-07;133;1;59.97
2025-09-07;641;1;92.94
2025-01-12;450;1;159.98
2025-02-20;519;1;79.96
2025-08-31;727;1;26.28
2025-07-02;511;1;128.55
2025-05-12;35;1;53.27
2025-01-31;840;1;273.96
2025-03-29;558;1;69.98
2025-06-11;589;1;85.44
2025-06-10;798;1;54.81
2025-06-18;824;1;115.55
2025-08-30;917;1;11.67
2025-03-17;289;1;96.85
2025-03-13;816;1;74.54
2025-01-13;467;1;7.98
2025-01-13;516;1;24.98
2025-08-22;343;1;129.95
2025-06-29;666;1;49.98
2025-06-09;915;1;123.66
2025-04-26;679;1;97.95
2025-03-19;97;1;19.99
2025-09-11;345;1;48.97
2025-04-18;736;1;10.47
2025-05-05;242;1;296.90
2025-09-22;242;1;17.55
2025-09-26;921;1;39.99
2025-06-19;932;1;39.99
2025-01-18;759;1;119.98
2025-03-09;55;1;154.61
2025-06-14;243;1;28.96
2025-03-15;877;1;6.49
2025-08-14;521;1;4.99
2025-05-11;675;1;119.98
2025-04-25;741;1;36.15
2025-02-22;873;1;43.37
2025-02-09;411;1;393.95
2025-06-05;726;1;65.46
2025-05-19;706;1;5.67
2025-04-24;564;1;51.35
2025-05-03;438;1;39.99
2025-04-29;140;1;19.47
2025-02-17;776;1;14.97
2025-09-29;31;1;15.78
2025-06-13;515;1;97.97
2025-08-31;35;1;34.97
2025-02-05;562;1;5.98
2025-04-04;816;1;3.50
2025-04-11;893;1;3.99
2025-06-23;607;1;765.54
2025-05-17;875;1;24.54
2025-08-15;61;1;23.96
2025-05-18;109;1;6.98
2025-01-21;44;1;194.93
2025-01-24;892;1;77.95
2025-04-03;318;1;67.96
2025-07-17;844;1;112.98
2025-02-11;840;1;8.28
2025-04-19;231;1;87.95
2025-07-21;512;1;7.98
2025-07-15;623;1;3.87
2025-08-23;890;1;21.55
2025-01-27;395;1;76.53
2025-06-20;704;1;381.95
2025-09-03;359;1;288.92
2025-07-02;537;1;204.97
2025-01-21;203;1;156.93
2025-02-27;487;1;24.99
2025-03-24;799;1;260.88
2025-06-25;603;1;122.95
2025-07-09;968;1;17.97
2025-02-01;217;1;29.99
2025-04-19;46;1;215.92
2025-09-30;442;1;337.92
2025-06-20;678;1;118.44
2025-03-04;24;1;37.97
2025-05-18;111;1;77.97
2025-05-09;801;1;11.07
2025-02-01;80;1;10.47
2025-01-08;419;1;79.98
2025-04-17;202;1;299.97
2025-09-08;428;1;223.95
2025-06-28;18;1;16.47
2025-07-10;322;1;273.96
2025-08-03;913;1;207.92
2025-05-21;422;1;36.97
2025-07-08;871;1;1.29
2025-08-31;822;1;219.96
2025-04-28;331;1;15.99
2025-03-22;437;1;65.96
2025-02-10;321;1;2.99
2025-05-23;641;1;472.93
2025-03-13;878;1;164.94
2025-02-19;946;1;174.94
2025-08-30;438;1;223.94
2025-02-20;942;1;46.44
2025-02-25;596;1;149.96
2025-06-09;523;1;25.98
2025-02-24;558;1;109.99
2025-01-30;591;1;99.46
2025-02-14;252;1;43.44
2025-06-02;603;1;54.98
2025-02-12;477;1;104.34
2025-09-28;19;1;4.78
2025-03-27;375;1;229.97
2025-04-27;938;1;183.40
2025-03-24;929;1;25.98
2025-04-17;217;1;44.97
2025-03-23;799;1;39.98
2025-03-18;314;1;35.99
2025-07-10;336;1;72.97
2025-04-22;187;1;29.99
2025-01-26;194;1;2.29
2025-08-20;712;1;23.64
2025-07-21;309;1;62.97
2025-07-18;965;1;101.06
2025-06-15;236;1;59.98
2025-01-03;291;1;3.98
2025-08-11;730;1;209.95
2025-08-23;292;1;4.47
2025-09-27;561;1;104.97
2025-01-12;66;1;248.95
2025-07-08;414;1;35.92
2025-07-28;152;1;8.97
2025-04-25;903;1;99.98
2025-04-10;223;1;467.92
2025-03-15;554;1;29.97
2025-09-04;468;1;18.57
2025-07-13;697;1;4.49
2025-05-06;485;1;55.43
2025-04-27;318;1;5.67
2025-09-18;64;1;220.94
2025-02-16;628;1;49.98
2025-03-03;672;1;257.91
2025-02-09;875;1;329.97
2025-07-11;71;1;129.81
2025-05-24;464;1;19.74
2025-07-24;973;1;37.96
2025-06-15;754;1;108.98
2025-04-03;404;1;111.93
2025-02-04;193;1;295.93
2025-02-28;210;1;44.94
2025-05-28;39;1;84.43
2025-03-05;887;1;125.92
2025-09-08;199;1;11.97
2025-07-03;740;1;115.97
2025-04-02;441;1;32.57
2025-06-05;672;1;178.25
2025-07-13;640;1;69.97
2025-03-04;65;1;13.95
2025-03-01;505;1;37.98
2025-05-21;749;1;55.02
2025-01-11;870;1;3.79
2025-08-04;237;1;15.06
2025-07-17;120;1;20.33
2025-08-08;636;1;137.44
2025-08-12;164;1;2.99
2025-07-08;307;1;143.50
2025-09-09;403;1;135.92
2025-08-14;543;1;52.95
2025-08-30;916;1;69.98
2025-02-01;154;1;21.57
2025-07-28;416;1;260.37
2025-06-24;16;1;99.99
2025-03-26;283;1;8.97
2025-02-06;158;1;134.96
2025-09-13;394;1;180.01
2025-05-31;706;1;71.45
2025-09-15;877;1;147.95
2025-01-31;848;1;21.95
2025-02-19;656;1;32.96
2025-07-24;862;1;39.98
2025-08-20;78;1;604.26
2025-03-03;932;1;19.99
2025-03-06;908;1;87.85
2025-06-14;711;1;21.34
2025-02-11;660;1;64.43
2025-07-17;881;1;3.79
2025-06-13;187;1;149.97
2025-09-10;126;1;175.93
2025-01-13;438;1;104.96
2025-05-15;281;1;59.97
2025-06-04;130;1;49.98
2025-09-22;685;1;362.91
2025-04-12;272;1;47.97
2025-09-05;833;1;94.96
2025-01-20;448;1;18.98
2025-02-04;164;1;8.18
2025-05-22;359;1;719.95
2025-04-17;336;1;60.94
2025-09-22;480;1;6.98
2025-01-15;319;1;132.45
2025-04-09;735;1;22.47
2025-03-13;261;1;28.56
2025-04-23;902;1;3.98
2025-07-05;141;1;89.97
2025-09-12;379;1;11.27
2025-04-11;880;1;98.91
2025-03-25;547;1;229.96
2025-07-20;896;1;179.96
2025-06-09;599;1;211.95
2025-01-17;57;1;139.96
2025-03-28;641;1;144.73
2025-07-03;725;1;224.94
2025-06-02;945;1;113.96
2025-09-15;561;1;57.97
2025-02-15;212;1;62.95
2025-05-20;158;1;45.77
2025-06-12;787;1;39.99
2025-01-29;414;1;239.97
2025-01-28;45;1;5.99
2025-05-07;630;1;5.67
2025-09-18;924;1;24.99
2025-08-25;245;1;16.98
2025-07-09;550;1;182.95
2025-06-07;24;1;1.50
2025-08-29;146;1;53.98
2025-03-09;826;1;248.40
2025-03-12;371;1;38.97
2025-08-29;85;1;139.96
2025-02-06;353;1;230.90
2025-06-11;292;1;21.84
2025-05-03;40;1;7.98
2025-07-09;711;1;25.98
2025-01-12;989;1;7.47
2025-01-31;383;1;17.67
2025-06-09;981;1;80.97
2025-08-01;986;1;4.47
2025-06-21;870;1;22.46
2025-03-01;968;1;24.95
2025-02-13;355;1;15.47
2025-01-03;720;1;125.44
2025-08-14;15;1;66.93
2025-09-14;183;1;92.97
2025-05-24;728;1;40.46
2025-05-13;522;1;622.96
2025-05-17;249;1;16.65
2025-07-25;625;1;1.79
2025-04-03;640;1;619.93
2025-03-15;457;1;33.97
2025-02-26;11;1;4.18
2025-01-21;772;1;179.97
2025-05-10;558;1;133.96
2025-06-23;448;1;184.92
2025-08-31;876;1;93.96
2025-01-01;388;1;99.98
2025-04-15;973;1;49.98
2025-01-06;847;1;119.97
2025-05-01;417;1;3.99
2025-09-26;537;1;267.95
2025-04-12;169;1;6.98
2025-08-22;484;1;66.46
2025-01-31;212;1;13.16
2025-02-03;100;1;5.78
2025-03-09;551;1;32.55
2025-04-17;967;1;65.94
2025-09-13;172;1;12.99
2025-03-12;227;1;175.44
2025-03-25;614;1;197.93
2025-08-30;165;1;89.97
2025-09-24;486;1;3.98
2025-02-26;456;1;49.98
2025-03-29;887;1;34.97
2025-04-26;217;1;39.98
2025-08-04;999;1;37.98
2025-07-03;988;1;6.98
2025-09-07;382;1;53.55
2025-03-01;369;1;79.98
2025-03-14;616;1;50.95
2025-09-26;817;1;12.98
2025-05-18;897;1;39.98
2025-07-15;938;1;221.95
2025-05-28;142;1;101.97
2025-03-15;235;1;39.99
2025-01-05;444;1;12.66
2025-08-21;69;1;62.45
2025-04-08;299;1;39.98
2025-05-01;540;1;9.98
2025-07-17;339;1;8.98
2025-04-02;643;1;119.98
2025-05-07;216;1;239.45
2025-09-19;121;1;6.99
2025-02-14;922;1;194.93
2025-07-03;782;1;749.97
2025-03-10;92;1;489.95
2025-07-03;696;1;342.95
2025-01-10;783;1;119.97
2025-04-03;244;1;25.98
2025-05-27;186;1;7.98
2025-06-12;33;1;659.94
2025-09-25;887;1;89.97
2025-08-20;413;1;29.99
2025-08-17;173;1;38.97
2025-05-09;633;1;5.98
2025-09-12;645;1;79.98
2025-06-13;993;1;8.99
2025-07-06;35;1;17.34
2025-09-22;803;1;121.96
2025-02-27;849;1;73.95
2025-09-04;814;1;70.96
2025-04-06;280;1;75.96
2025-09-07;280;1;8.67
2025-01-20;323;1;615.45
2025-09-09;290;1;68.97
2025-04-28;491;1;11.07
2025-07-22;524;1;536.88
2025-03-08;772;1;46.44
2025-05-02;416;1;48.07
2025-02-04;937;1;9.99
2025-08-04;573;1;90.00
2025-09-27;587;1;64.95
2025-01-04;953;1;24.63
2025-03-26;160;1;25.98
2025-04-18;192;1;50.96
2025-01-01;88;1;7.18
2025-09-27;757;1;251.95
2025-05-17;225;1;84.98
2025-05-17;321;1;79.98
2025-04-24;326;1;119.98
2025-07-07;245;1;186.44
2025-05-14;231;1;5.99
2025-06-08;300;1;389.97
2025-08-29;414;1;273.96
2025-09-08;14;1;505.95
2025-09-28;66;1;57.55
2025-01-20;990;1;21.95
2025-04-05;103;1;67.45
2025-01-04;863;1;48.96
2025-04-25;298;1;104.97
2025-09-29;662;1;179.97
2025-03-28;81;1;416.98
2025-04-07;17;1;410.45
2025-01-05;690;1;4.58
2025-07-30;283;1;3.29
2025-08-18;378;1;307.42
2025-06-15;181;1;11.97
2025-09-10;659;1;92.57
2025-04-28;482;1;7.08
2025-07-17;351;1;461.94
2025-03-09;351;1;125.93
2025-01-26;124;1;28.43
2025-08-06;619;1;77.33
2025-08-04;828;1;199.98
2025-03-14;39;1;410.58
2025-01-25;505;1;146.82
2025-06-16;715;1;65.95
2025-09-22;657;1;2.99
2025-06-11;23;1;41.37
2025-06-22;236;1;243.95
2025-03-22;901;1;221.20
2025-06-03;855;1;38.48
2025-09-16;472;1;109.99
2025-03-16;288;1;64.45
2025-09-24;338;1;72.32
2025-09-21;158;1;105.00
2025-07-19;52;1;12.87
2025-05-10;205;1;191.52
2025-03-20;688;1;12.37
2025-04-05;884;1;2.98
2025-08-11;743;1;74.97
2025-06-12;550;1;30.46
2025-03-25;490;1;42.98
2025-04-12;640;1;19.96
2025-02-12;366;1;44.97
2025-02-04;706;1;181.47
2025-01-01;528;1;16.16
2025-05-16;800;1;48.96
2025-02-15;992;1;9.58
2025-01-06;732;1;59.97
2025-02-17;874;1;106.46
2025-08-14;819;1;279.94
2025-06-25;27;1;20.97
2025-03-18;359;1;11.37
2025-04-08;325;1;4.49
2025-08-28;629;1;228.95
2025-04-17;21;1;31.98
2025-04-18;325;1;42.55
2025-03-30;26;1;311.95
2025-07-27;909;1;99.97
2025-07-14;50;1;299.94
2025-01-31;481;1;276.24
2025-02-20;20;1;229.95
2025-05-23;43;1;27.56
2025-09-13;559;1;102.54
2025-09-02;936;1;27.97
2025-07-19;675;1;61.97
2025-08-19;784;1;99.98
2025-07-25;752;1;29.98
2025-07-09;165;1;4.49
2025-03-18;495;1;2.49
2025-03-27;592;1;165.42
2025-02-20;237;1;39.99
2025-08-12;882;1;13.35
2025-09-11;931;1;51.76
2025-08-10;284;1;114.95
2025-09-24;849;1;13.47
2025-09-21;754;1;74.97
2025-01-12;849;1;86.34
2025-04-28;784;1;9.99
2025-03-23;927;1;7.58
2025-09-13;534;1;114.96
2025-04-10;262;1;159.98
2025-02-11;293;1;69.99
2025-09-01;729;1;199.98
2025-01-09;64;1;44.97
2025-02-23;401;1;139.98
2025-06-29;977;1;1.99
2025-09-14;983;1;71.96
2025-04-11;740;1;135.43
2025-03-28;448;1;190.30
2025-02-04;202;1;12.98
2025-05-09;722;1;63.96
2025-03-17;868;1;39.99
2025-09-25;905;1;100.75
2025-04-06;913;1;418.92
2025-09-05;161;1;139.96
2025-06-03;963;1;109.95
2025-02-07;238;1;274.32
2025-01-10;151;1;115.44
2025-05-26;567;1;44.97
2025-02-27;807;1;269.94
2025-02-21;688;1;315.72
2025-03-22;359;1;19.36
2025-03-25;160;1;165.95
2025-04-05;399;1;7.07
2025-08-13;745;1;158.95
2025-02-13;420;1;21.98
2025-01-17;903;1;59.97
2025-02-19;326;1;22.95
2025-02-28;613;1;116.94
2025-06-03;744;1;497.84
2025-02-18;845;1;22.99
2025-01-29;27;1;170.70
2025-01-20;458;1;17.98
2025-05-01;651;1;27.98
2025-03-01;136;1;105.00
2025-09-06;254;1;59.97
2025-06-30;525;1;79.98
2025-03-11;557;1;63.56
2025-01-17;719;1;84.96
2025-06-24;776;1;874.92
2025-04-12;379;1;4.29
2025-05-02;104;1;349.96
2025-04-24;389;1;85.95
2025-08-15;159;1;35.97
2025-01-17;549;1;15.99
2025-05-04;196;1;135.45
2025-09-14;569;1;66.04
2025-05-24;767;1;37.86
2025-08-29;851;1;138.46
2025-07-05;917;1;31.55
2025-01-07;647;1;437.95
2025-04-28;882;1;32.04
2025-05-29;754;1;10.99
2025-07-12;88;1;132.96
2025-02-03;755;1;73.47
2025-06-27;976;1;299.96
2025-02-01;947;1;64.98
2025-02-24;53;1;289.96
2025-07-13;621;1;160.41
2025-04-01;691;1;19.99
2025-03-31;949;1;8.98
2025-03-28;963;1;4.18
2025-08-19;157;1;69.97
2025-07-22;285;1;119.97
2025-01-07;19;1;125.91
2025-02-02;454;1;205.96
2025-07-03;330;1;8.97
2025-09-15;999;1;119.97
2025-02-15;635;1;14.56
2025-09-15;967;1;104.97
2025-06-25;423;1;69.35
2025-04-28;520;1;9.46
2025-03-31;294;1;5.99
2025-04-07;136;1;291.95
2025-04-15;450;1;55.95
2025-04-17;156;1;86.56
2025-03-25;966;1;5.98
2025-08-16;50;1;31.98
2025-01-08;842;1;26.97
2025-05-12;754;1;149.97
2025-03-01;621;1;68.94
2025-05-24;181;1;3.99
2025-03-13;263;1;83.96
2025-08-31;118;1;8.99
2025-08-18;877;1;92.97
2025-06-12;877;1;30.97
2025-06-05;25;1;126.32
2025-05-16;42;1;39.98
2025-05-26;666;1;23.27
2025-08-28;139;1;1.79
2025-02-05;608;1;116.93
2025-06-11;800;1;20.95
2025-07-31;661;1;139.96
2025-02-18;574;1;39.99
2025-06-19;850;1;5.07
2025-02-05;770;1;213.92
2025-05-06;823;1;18.84
2025-05-10;589;1;79.97
2025-08-13;971;1;124.89
2025-09-08;395;1;49.99
2025-01-05;263;1;59.97
2025-01-11;9;1;128.42
2025-03-08;34;1;31.98
2025-09-03;124;1;16.98
2025-09-07;999;1;7.98
2025-01-11;475;1;8.99
2025-01-06;461;1;1069.95
2025-04-20;913;1;80.94
2025-02-19;494;1;129.98
2025-04-11;499;1;278.92
2025-05-16;581;1;145.93
2025-01-16;77;1;5.97
2025-03-12;467;1;97.96
2025-04-03;744;1;40.26
2025-01-25;459;1;10.26
2025-09-23;894;1;135.85
2025-05-31;757;1;27.46
2025-03-27;836;1;40.97
2025-08-23;347;1;46.92
2025-06-30;982;1;276.95
2025-04-10;379;1;3.87
2025-07-28;822;1;38.42
2025-09-24;541;1;1111.94
2025-07-28;527;1;79.98
2025-06-25;952;1;199.96
2025-04-12;235;1;6.49
2025-02-19;736;1;269.97
2025-01-09;540;1;13.37
2025-03-14;739;1;4.98
2025-04-28;685;1;367.90
2025-04-12;965;1;20.76
2025-05-12;740;1;6.58
2025-02-11;820;1;229.95
2025-03-16;971;1;13.96
2025-02-26;46;1;69.99
2025-02-26;625;1;39.98
2025-01-04;582;1;51.95
2025-05-29;584;1;137.97
2025-05-27;947;1;49.99
2025-02-27;998;1;229.96
2025-04-23;631;1;86.44
2025-03-01;960;1;14.66
2025-06-02;104;1;12.58
2025-07-31;641;1;19.05
2025-07-08;468;1;47.97
2025-06-29;460;1;382.14
2025-01-05;317;1;486.53
2025-01-03;378;1;225.94
2025-01-07;767;1;119.98
2025-03-12;915;1;398.00
2025-01-04;486;1;32.97
2025-06-10;361;1;30.48
2025-06-23;824;1;85.96
2025-03-01;583;1;169.97
2025-09-25;535;1;722.96
2025-08-17;339;1;2.49
2025-07-13;474;1;229.96
2025-06-13;686;1;4.18
2025-01-18;705;1;73.47
2025-06-11;760;1;3.99
2025-03-11;659;1;57.98
2025-02-15;58;1;48.56
2025-06-24;220;1;60.15
2025-04-19;308;1;103.77
2025-06-13;993;1;79.99
2025-04-22;617;1;38.97
2025-04-11;70;1;22.96
2025-06-21;335;1;15.99
2025-08-18;555;1;225.63
2025-02-24;951;1;119.98
2025-04-05;590;1;145.96
2025-06-26;576;1;44.97
2025-01-09;357;1;59.98
2025-05-04;885;1;29.99
2025-02-14;198;1;5.99
2025-09-22;384;1;299.95
2025-08-20;886;1;373.97
2025-03-27;528;1;32.97
2025-06-19;410;1;268.92
2025-08-17;663;1;3.98
2025-01-19;164;1;52.47
2025-06-21;41;1;18.96
2025-06-23;153;1;224.96
2025-07-09;455;1;16.47
2025-05-28;43;1;89.96
2025-06-06;61;1;271.02
2025-08-13;847;1;20.96
2025-01-09;209;1;29.98
2025-08-20;440;1;169.98
2025-04-30;210;1;34.99
2025-08-16;736;1;115.95
2025-03-26;571;1;164.94
2025-01-10;666;1;60.98
2025-06-23;226;1;63.75
2025-02-13;507;1;299.95
2025-07-26;322;1;13.98
2025-05-17;294;1;44.98
2025-08-13;398;1;85.96
2025-06-19;762;1;125.42
2025-06-22;700;1;24.55
2025-03-16;263;1;128.97
2025-08-26;994;1;205.97
2025-08-29;852;1;135.94
2025-02-19;237;1;9.98
2025-02-25;533;1;394.95
2025-04-30;314;1;17.98
2025-05-13;591;1;74.97
2025-09-12;341;1;39.99
2025-06-03;925;1;189.92
2025-07-02;881;1;67.94
2025-04-02;962;1;46.86
2025-01-17;282;1;304.89
2025-09-17;745;1;59.98
2025-07-03;120;1;269.97
2025-03-28;290;1;15.99
2025-05-06;764;1;79.98
2025-08-29;242;1;12.45
2025-07-03;442;1;59.99
2025-03-10;450;1;229.94
2025-07-05;197;1;63.28
2025-07-30;20;1;279.94
2025-02-11;126;1;141.83
2025-08-24;748;1;265.44
2025-02-12;190;1;85.96
2025-05-10;396;1;3.98
2025-06-16;86;1;70.00
2025-07-03;635;1;6.27
2025-02-28;579;1;269.97
2025-07-31;951;1;28.44
2025-07-31;767;1;77.97
2025-02-05;237;1;37.48
2025-05-15;597;1;19.99
2025-09-04;423;1;66.47
2025-08-28;223;1;46.96
2025-09-17;222;1;14.99
2025-02-01;686;1;191.04
2025-03-05;575;1;37.56
2025-03-04;66;1;420.95
2025-09-10;384;1;154.95
2025-06-12;610;1;109.94
2025-06-01;113;1;159.98
2025-09-14;150;1;10.98
2025-01-09;168;1;46.95
2025-04-03;723;1;149.97
2025-06-19;397;1;10.98
2025-08-20;354;1;399.91
2025-07-02;958;1;174.96
2025-02-09;527;1;59.97
2025-09-14;503;1;121.96
2025-05-22;198;1;53.96
2025-02-15;956;1;21.98
2025-01-08;449;1;4.58
2025-09-19;879;1;223.96
2025-01-02;809;1;63.15
2025-05-06;96;1;26.35
2025-05-25;545;1;7.38
2025-05-13;193;1;89.97
2025-07-24;582;1;19.98
2025-01-21;74;1;80.96
2025-01-09;817;1;60.46
2025-07-17;116;1;261.66
2025-07-20;699;1;10.77
2025-06-18;319;1;89.97
2025-08-17;116;1;119.97
2025-04-03;360;1;107.46
2025-03-31;467;1;20.97
2025-04-10;80;1;91.97
2025-02-05;593;1;37.96
2025-01-20;988;1;19.98
2025-05-20;763;1;106.95
2025-03-05;746;1;511.93
2025-07-16;679;1;259.96
2025-02-15;107;1;65.94
2025-05-05;376;1;99.98
2025-03-25;149;1;59.98
2025-03-05;142;1;12.24
2025-03-24;144;1;53.98
2025-06-04;910;1;49.99
2025-03-31;230;1;104.97
2025-05-28;471;1;85.44
2025-02-09;455;1;121.96
2025-03-08;674;1;9.87
2025-02-09;119;1;44.97
2025-04-12;614;1;163.44
2025-01-14;612;1;52.05
2025-07-22;843;1;38.44
2025-05-14;810;1;19.99
2025-01-25;484;1;79.98
2025-06-27;733;1;120.41
2025-03-04;49;1;16.98
2025-06-10;288;1;4.50
2025-05-24;579;1;104.94
2025-05-06;139;1;89.97
2025-08-13;310;1;2.99
2025-05-11;414;1;74.97
2025-04-30;273;1;9.99
2025-06-11;825;1;39.98
2025-03-26;737;1;45.98
2025-07-22;963;1;119.97
2025-08-24;378;1;68.95
2025-01-12;473;1;111.81
2025-01-27;620;1;89.97
2025-07-10;718;1;27.28
2025-08-25;632;1;31.43
2025-03-29;395;1;514.97
2025-01-05;112;1;7.47
2025-04-06;302;1;21.98
2025-04-30;620;1;213.63
2025-01-27;428;1;122.94
2025-02-11;987;1;74.96
2025-07-30;188;1;152.26
2025-05-03;218;1;45.98
2025-02-04;76;1;6.98
2025-06-18;445;1;19.99
2025-07-11;155;1;13.65
2025-05-13;23;1;71.44
2025-05-23;88;1;105.35
2025-06-10;54;1;119.95
2025-01-29;139;1;217.92
2025-06-06;88;1;119.97
2025-07-25;402;1;2.99
2025-05-11;302;1;47.97
2025-03-04;168;1;14.99
2025-06-10;218;1;329.95
2025-01-06;772;1;34.99
2025-07-02;78;1;169.95
2025-01-19;412;1;8.97
2025-07-24;514;1;25.94
2025-04-14;123;1;56.97
2025-09-02;347;1;207.94
2025-04-15;780;1;39.98
2025-03-04;637;1;61.46
2025-01-04;728;1;10.85
2025-06-23;202;1;155.95
2025-05-06;456;1;168.85
2025-01-07;358;1;79.98
2025-08-08;949;1;25.98
2025-01-29;259;1;74.44
2025-08-16;772;1;9.99
2025-09-25;56;1;106.85
2025-04-27;116;1;192.43
2025-06-16;793;1;8.97
2025-03-10;54;1;79.98
2025-02-01;389;1;3.87
2025-02-24;622;1;84.98
2025-06-03;126;1;11.98
2025-01-17;180;1;637.03
2025-02-13;976;1;5.97
2025-06-23;273;1;50.97
2025-03-13;788;1;53.44
2025-01-22;143;1;95.63
2025-05-21;251;1;15.99
2025-04-05;105;1;81.97
2025-08-31;873;1;199.96
2025-08-03;969;1;199.96
2025-02-12;345;1;22.73
2025-01-05;758;1;237.92
2025-02-23;830;1;24.45
2025-03-09;499;1;28.93
2025-04-01;946;1;122.96
2025-09-01;842;1;75.97
2025-07-02;992;1;156.62
2025-08-18;361;1;121.95
2025-04-05;328;1;54.46
2025-05-03;677;1;8.98
2025-01-25;888;1;29.98
2025-03-11;200;1;99.98
2025-01-19;329;1;379.97
2025-06-19;734;1;149.97
2025-07-23;989;1;189.96
2025-07-12;81;1;82.44
2025-08-29;309;1;5.97
2025-01-12;674;1;98.46
2025-01-17;26;1;6.98
2025-03-12;489;1;9.00
2025-02-10;553;1;247.91
2025-08-12;31;1;38.04
2025-01-04;579;1;59.97
2025-09-11;726;1;2.99
2025-01-31;51;1;2.98
2025-04-01;833;1;114.95
2025-01-28;524;1;525.90
2025-03-03;113;1;217.95
2025-02-15;665;1;38.97
2025-07-07;132;1;8.97
2025-08-01;18;1;8.18
2025-02-14;342;1;7.98
2025-03-12;930;1;77.46
2025-09-22;640;1;93.35
2025-08-08;82;1;269.97
2025-04-26;842;1;95.97
2025-06-19;542;1;99.97
2025-01-02;66;1;39.99
2025-06-06;708;1;249.95
2025-01-13;623;1;72.95
2025-08-04;53;1;20.25
2025-05-11;742;1;98.96
2025-07-29;904;1;175.43
2025-09-11;19;1;16.36
2025-09-27;43;1;597.00
2025-01-19;532;1;59.99
2025-08-21;981;1;45.98
2025-06-08;478;1;14.99
2025-04-25;597;1;36.46
2025-07-24;525;1;12.03
2025-09-10;976;1;38.98
2025-02-20;528;1;17.97
2025-07-16;640;1;41.48
2025-04-14;261;1;53.97
2025-05-09;945;1;94.97
2025-01-02;914;1;5.97
2025-06-10;101;1;22.47
2025-08-14;994;1;136.96
2025-07-06;180;1;510.45
2025-02-23;467;1;26.78
2025-02-02;379;1;159.96
2025-06-10;248;1;343.95
2025-03-15;184;1;45.28
2025-05-09;191;1;41.97
2025-03-25;660;1;16.57
2025-09-04;414;1;108.43
2025-05-20;962;1;119.41
2025-09-10;605;1;32.98
2025-08-03;621;1;29.99
2025-08-12;169;1;11.47
2025-08-23;448;1;71.94
2025-05-27;323;1;38.97
2025-06-16;817;1;659.94
2025-09-09;652;1;24.99
2025-03-12;651;1;124.96
2025-08-20;819;1;106.98
2025-02-11;824;1;601.97
2025-08-02;420;1;84.27
2025-01-15;335;1;5.98
2025-05-12;984;1;137.95
2025-07-27;43;1;125.45
2025-06-30;172;1;217.52
2025-06-17;683;1;69.97
2025-03-12;411;1;19.99
2025-04-01;195;1;305.48
2025-03-18;711;1;102.46
2025-03-15;50;1;104.91
2025-09-19;663;1;11.97
2025-09-22;522;1;522.90
2025-01-09;172;1;264.82
2025-03-06;526;1;64.96
2025-09-09;932;1;124.96
2025-07-17;22;1;104.97
2025-04-01;98;1;22.77
2025-06-04;51;1;254.96
2025-02-01;414;1;105.46
2025-04-26;83;1;43.75
2025-01-21;3;1;39.99
2025-09-16;287;1;264.64
2025-06-15;1000;1;42.97
2025-06-24;285;1;64.95
2025-09-20;211;1;3.79
2025-07-13;692;1;234.96
2025-05-25;318;1;31.98
2025-04-27;994;1;24.36
2025-08-12;71;1;272.93
2025-02-01;523;1;17.67
2025-04-08;715;1;149.90
2025-01-16;540;1;224.93
2025-04-17;878;1;149.45
2025-07-05;54;1;119.98
2025-04-13;48;1;329.95
2025-05-28;930;1;12.99
2025-04-08;141;1;49.37
2025-01-23;191;1;337.89
2025-01-15;579;1;59.99
2025-07-12;570;1;19.99
2025-01-22;295;1;81.96
2025-07-16;996;1;149.97
2025-04-05;951;1;67.96
2025-03-19;235;1;8.97
2025-04-25;571;1;49.98
2025-02-19;534;1;74.92
2025-09-27;73;1;3.00
2025-07-03;967;1;8.58
2025-01-30;285;1;1.99
2025-09-12;284;1;8.99
2025-03-22;15;1;29.98
2025-09-25;227;1;289.97
2025-01-27;416;1;2.58
2025-07-31;947;1;4.19
2025-05-04;598;1;44.97
2025-03-19;818;1;15.99
2025-08-14;511;1;129.81
2025-04-05;925;1;3.87
2025-09-24;823;1;629.97
2025-09-07;783;1;105.93
2025-06-03;525;1;244.94
2025-01-24;275;1;235.93
2025-01-17;97;1;359.97
2025-05-17;169;1;372.92
2025-07-01;518;1;44.97
2025-03-29;198;1;308.94
2025-04-17;23;1;39.98
2025-08-19;520;1;4.29
2025-03-10;56;1;80.96
2025-09-18;127;1;39.98
2025-07-18;570;1;14.16
2025-09-29;594;1;19.99
2025-05-10;245;1;3.49
2025-09-14;277;1;145.42
2025-02-06;538;1;13.96
2025-01-10;54;1;259.97
2025-06-22;680;1;161.81
2025-08-19;848;1;108.93
2025-01-15;911;1;93.95
2025-06-18;44;1;6.99
2025-08-28;75;1;10.47
2025-03-26;264;1;115.95
2025-04-07;443;1;129.98
2025-06-11;846;1;619.95
2025-08-20;893;1;198.34
2025-01-15;449;1;66.54
2025-02-14;920;1;658.93
2025-06-16;513;1;80.96
2025-03-06;357;1;9.98
2025-09-30;241;1;329.91
2025-08-01;929;1;115.94
2025-06-13;470;1;4.98
2025-09-03;733;1;57.96
2025-08-21;908;1;135.23
2025-07-01;799;1;108.97
2025-02-03;536;1;119.99
2025-05-24;205;1;38.55
2025-03-06;216;1;87.82
2025-06-04;649;1;36.37
2025-03-21;63;1;119.97
2025-04-13;302;1;124.44
2025-06-19;759;1;4.99
2025-06-24;408;1;53.96
2025-03-06;539;1;79.97
2025-09-16;251;1;14.97
2025-07-07;684;1;75.95
2025-02-19;87;1;99.98
2025-06-17;580;1;18.77
2025-07-17;534;1;4.59
2025-08-25;84;1;87.95
2025-06-13;512;1;119.98
2025-06-09;615;1;44.97
2025-01-09;615;1;99.98
2025-04-14;420;1;122.46
2025-09-10;177;1;17.95
2025-09-06;279;1;349.95
2025-07-12;833;1;14.99
2025-01-17;971;1;53.97
2025-07-29;425;1;38.55
2025-08-15;975;1;38.83
2025-05-18;791;1;46.43
2025-05-29;731;1;99.96
2025-01-16;269;1;321.93
2025-08-27;9;1;149.97
2025-08-07;502;1;3.29
2025-04-17;716;1;28.56
2025-08-19;16;1;65.96
2025-05-31;623;1;4.98
2025-01-24;914;1;201.48
2025-05-02;210;1;49.98
2025-08-10;473;1;182.90
2025-07-09;853;1;42.48
2025-08-12;922;1;159.98
2025-02-02;626;1;274.16
2025-03-05;861;1;78.96
2025-09-09;912;1;10.66
2025-05-29;474;1;114.96
2025-01-09;721;1;9.97
2025-07-30;529;1;63.46
2025-06-19;898;1;129.95
2025-07-13;707;1;7.58
2025-03-24;157;1;89.96
2025-06-02;729;1;14.99
2025-03-10;920;1;12.76
2025-09-18;675;1;11.07
2025-05-06;188;1;624.96
2025-04-03;838;1;58.27
2025-02-06;603;1;8.97
2025-02-22;573;1;104.97
2025-09-09;649;1;104.97
2025-04-13;573;1;137.94
2025-06-25;135;1;108.36
2025-02-27;19;1;7.58
2025-01-10;515;1;209.95
2025-07-12;875;1;59.96
2025-06-08;766;1;38.48
2025-04-28;413;1;319.95
2025-01-29;735;1;48.44
2025-04-13;587;1;51.93
2025-01-14;867;1;52.97
2025-08-29;922;1;194.95
2025-08-25;680;1;91.95
2025-06-20;40;1;135.00
2025-03-08;631;1;188.53
2025-07-16;516;1;62.47
2025-09-22;82;1;41.35
2025-03-01;33;1;47.97
2025-02-19;852;1;5.98
2025-07-24;150;1;3.49
2025-07-27;883;1;70.45
2025-04-18;609;1;164.95
2025-03-15;695;1;63.46
2025-03-11;431;1;79.98
2025-07-31;85;1;159.97
2025-08-28;407;1;64.97
2025-03-29;189;1;68.96
2025-08-22;557;1;20.97
2025-03-08;365;1;57.00
2025-07-16;355;1;81.46
2025-01-14;590;1;71.87
2025-06-28;376;1;119.98
2025-09-15;738;1;20.43
2025-04-08;794;1;3.79
2025-09-16;634;1;79.98
2025-09-07;215;1;69.95
2025-03-16;194;1;20.04
2025-04-24;983;1;159.98
2025-08-15;435;1;96.27
2025-09-09;360;1;169.95
2025-04-26;991;1;49.98
2025-01-12;442;1;4.49
2025-06-17;77;1;19.99
2025-02-15;895;1;199.96
2025-02-11;395;1;62.97
2025-05-13;146;1;41.95
2025-07-25;16;1;102.96
2025-02-09;648;1;3.19
2025-03-20;15;1;321.33
2025-05-06;576;1;762.95
2025-08-19;321;1;57.57
2025-06-19;197;1;67.95
2025-02-09;676;1;139.95
2025-09-02;18;1;97.97
2025-02-01;770;1;29.46
2025-01-04;277;1;56.95
2025-02-25;917;1;107.94
2025-05-26;436;1;119.97
2025-06-19;596;1;65.96
2025-03-21;209;1;89.99
2025-01-09;924;1;65.97
2025-06-02;352;1;10.47
2025-06-16;273;1;39.99
2025-02-10;316;1;4.58
2025-09-22;744;1;17.98
2025-08-02;863;1;10.96
2025-04-06;48;1;3.69
2025-09-26;165;1;59.96
2025-07-01;631;1;12.57
2025-06-24;360;1;104.97
2025-06-17;807;1;20.34
2025-09-13;487;1;49.98
2025-05-12;567;1;30.98
2025-09-01;95;1;98.34
2025-09-24;615;1;38.37
2025-08-31;774;1;5.88
2025-01-23;417;1;29.97
2025-05-10;142;1;64.33
2025-07-27;772;1;170.94
2025-03-10;359;1;89.97
2025-07-31;173;1;16.47
2025-08-12;140;1;25.98
2025-04-16;785;1;1.69
2025-05-25;682;1;311.42
2025-02-08;44;1;59.98
2025-05-11;817;1;16.98
2025-04-08;547;1;74.96
2025-03-20;715;1;14.97
2025-08-24;674;1;17.76
2025-07-15;468;1;219.95
2025-06-05;144;1;242.96
2025-05-02;596;1;44.96
2025-02-02;473;1;20.96
2025-05-18;639;1;28.96
2025-07-21;592;1;33.77
2025-01-26;738;1;40.97
2025-04-22;402;1;4.98
2025-07-25;902;1;154.31
2025-04-22;490;1;7.98
2025-06-18;975;1;4.99
2025-04-25;133;1;66.44
2025-06-17;554;1;87.95
2025-01-16;809;1;164.94
2025-01-02;421;1;79.98
2025-05-05;698;1;4.87
2025-01-04;195;1;92.57
2025-08-08;258;1;48.85
2025-01-24;106;1;28.56
2025-07-08;937;1;7.98
2025-02-04;646;1;11.97
2025-05-11;601;1;23.95
2025-07-25;541;1;17.97
2025-07-03;966;1;29.99
2025-03-11;260;1;34.99
2025-09-25;335;1;549.95
2025-08-01;915;1;34.70
2025-05-13;956;1;199.00
2025-06-10;356;1;139.45
2025-06-15;202;1;130.45
2025-06-25;146;1;154.95
2025-05-24;101;1;119.97
2025-06-30;265;1;51.98
2025-07-05;400;1;149.97
2025-07-25;877;1;219.95
2025-01-22;175;1;39.99
2025-03-21;660;1;209.92
2025-02-07;224;1;6.58
2025-09-14;881;1;317.94
2025-07-13;731;1;63.96
2025-02-24;948;1;79.98
2025-02-18;844;1;129.99
2025-01-05;188;1;14.95
2025-09-03;366;1;54.96
2025-06-25;821;1;265.41
2025-05-11;468;1;45.98
2025-07-27;717;1;21.45
2025-04-25;616;1;341.94
2025-01-10;351;1;15.99
2025-08-14;773;1;17.55
2025-03-01;924;1;269.01
2025-08-27;15;1;12.68
2025-01-10;467;1;3.98
2025-01-30;838;1;121.27
2025-01-22;508;1;218.31
2025-04-08;920;1;1.99
2025-02-25;371;1;24.99
2025-01-08;563;1;147.93
2025-01-29;224;1;59.97
2025-09-13;744;1;14.99
2025-04-13;141;1;145.06
2025-03-02;965;1;3.99
2025-04-24;820;1;43.47
2025-03-15;260;1;285.90
2025-04-29;994;1;6.58
2025-03-14;800;1;47.93
2025-08-09;479;1;89.98
2025-09-19;704;1;8.48
2025-07-01;907;1;171.96
2025-03-01;221;1;181.47
2025-03-17;268;1;73.95
2025-03-01;721;1;154.95
2025-06-20;109;1;9.98
2025-07-05;568;1;113.46
2025-08-07;88;1;43.44
2025-05-08;391;1;20.97
2025-08-05;443;1;53.48
2025-04-17;977;1;3.29
2025-08-13;926;1;422.31
2025-04-16;462;1;144.95
2025-06-30;886;1;79.98
2025-09-29;278;1;60.98
2025-02-20;65;1;22.44
2025-05-17;31;1;11.28
2025-03-01;765;1;158.95
2025-06-10;168;1;111.32
2025-04-24;160;1;53.47
2025-04-11;993;1;5.98
2025-05-20;986;1;104.97
2025-05-31;906;1;50.46
2025-02-26;642;1;64.95
2025-08-07;240;1;2.49
2025-03-01;774;1;24.99
2025-08-30;159;1;286.95
2025-02-28;935;1;7.38
2025-06-30;410;1;14.99
2025-04-16;887;1;64.97
2025-08-28;320;1;20.65
2025-01-15;203;1;41.25
2025-01-26;115;1;39.98
2025-03-02;407;1;119.98
2025-04-02;57;1;554.93
2025-03-31;335;1;244.96
2025-07-30;702;1;159.96
2025-08-30;717;1;16.65
2025-07-11;754;1;94.55
2025-06-05;963;1;139.98
2025-06-01;164;1;489.95
2025-09-17;259;1;379.95
2025-07-10;991;1;109.97
2025-09-28;335;1;85.44
2025-08-23;18;1;25.44
2025-02-05;521;1;32.94
2025-09-30;426;1;179.97
2025-09-10;57;1;135.97
2025-02-14;976;1;42.68
2025-05-22;959;1;569.94
2025-05-30;674;1;8.28
2025-04-26;689;1;92.96
2025-05-05;414;1;87.96
2025-04-01;562;1;218.94
2025-03-28;854;1;11.97
2025-01-13;125;1;4.98
2025-03-12;316;1;8.49
2025-01-23;595;1;54.96
2025-04-19;29;1;90.00
2025-07-07;209;1;10.58
2025-09-16;700;1;47.97
2025-04-19;362;1;599.97
2025-07-29;908;1;24.16
2025-04-16;746;1;53.98
2025-05-24;810;1;4.29
2025-01-26;664;1;79.98
2025-03-27;598;1;134.94
2025-05-29;670;1;23.97
2025-02-16;949;1;11.77
2025-04-04;894;1;71.98
2025-05-04;969;1;64.97
2025-09-23;833;1;399.95
2025-06-26;30;1;5.67
2025-05-12;507;1;186.47
2025-07-01;801;1;134.96
2025-01-29;193;1;41.96
2025-05-23;382;1;159.98
2025-09-12;776;1;16.95
2025-03-07;407;1;396.39
2025-01-05;652;1;274.26
2025-06-25;848;1;37.35
2025-07-26;408;1;227.96
2025-09-26;797;1;20.97
2025-02-17;553;1;256.41
2025-09-08;591;1;8.48
2025-06-11;706;1;54.97
2025-02-16;278;1;235.97
2025-08-21;764;1;131.34
2025-04-26;706;1;704.91
2025-09-22;780;1;79.98
2025-04-11;86;1;79.99
2025-05-11;79;1;8.98
2025-09-22;32;1;3.79
2025-05-15;516;1;22.06
2025-05-16;423;1;5.98
2025-02-01;215;1;2.98
2025-09-08;463;1;9.99
2025-07-06;369;1;77.94
2025-07-16;180;1;32.96
2025-07-28;663;1;41.44
2025-06-01;83;1;56.94
2025-06-18;745;1;14.99
2025-06-24;676;1;44.97
2025-07-01;14;1;10.47
2025-09-03;889;1;785.94
2025-04-18;686;1;839.96
2025-04-03;924;1;4.49
2025-08-12;845;1;44.97
2025-06-15;710;1;81.46
2025-07-06;875;1;79.98
2025-02-08;147;1;2.99
2025-06-03;891;1;449.97
2025-01-04;771;1;24.99
2025-08-27;130;1;79.99
2025-06-29;33;1;148.96
2025-04-01;535;1;148.44
2025-01-17;721;1;62.34
2025-04-10;151;1;229.95
2025-09-07;110;1;55.44
2025-09-01;57;1;9.87
2025-03-18;714;1;497.77
2025-05-18;570;1;104.97
2025-06-26;117;1;4.49
2025-02-12;846;1;144.96
2025-06-13;723;1;191.45
2025-09-20;463;1;313.59
2025-01-28;240;1;61.98
2025-05-22;81;1;17.97
2025-01-24;340;1;37.35
2025-08-23;307;1;2.79
2025-01-15;221;1;99.98
2025-01-20;386;1;1.99
2025-03-25;25;1;106.83
2025-03-22;494;1;28.55
2025-07-17;505;1;59.99
2025-05-02;805;1;3.38
2025-03-06;830;1;16.86
2025-09-11;464;1;154.95
2025-02-17;536;1;94.95
2025-02-04;291;1;7.98
2025-09-07;441;1;51.55
2025-01-24;89;1;116.24
2025-04-23;904;1;23.37
2025-04-10;386;1;154.12
2025-08-07;565;1;139.96
2025-02-05;546;1;199.94
2025-09-14;829;1;29.99
2025-02-19;266;1;14.63
2025-01-06;72;1;98.43
2025-05-21;965;1;5.98
2025-07-05;778;1;19.35
2025-07-23;679;1;74.95
2025-03-27;631;1;167.91
2025-08-25;871;1;30.00
2025-09-28;27;1;65.95
2025-01-25;579;1;214.93
2025-09-06;432;1;79.98
2025-04-12;428;1;6.47
2025-01-09;83;1;199.96
2025-05-05;50;1;9.00
2025-06-18;179;1;34.99
2025-09-13;509;1;179.98
2025-03-30;714;1;91.96
2025-07-23;864;1;2.89
2025-03-14;562;1;145.96
2025-02-22;78;1;34.99
2025-05-09;586;1;45.49
2025-01-01;719;1;62.45
2025-08-26;497;1;15.99
2025-03-31;743;1;603.93
2025-04-06;36;1;86.04
2025-09-10;151;1;22.46
2025-07-04;33;1;46.57
2025-03-14;826;1;75.45
2025-06-22;498;1;4.99
2025-08-26;122;1;13.98
2025-04-19;478;1;81.55
2025-04-27;731;1;179.97
2025-09-13;916;1;74.97
2025-03-18;890;1;27.94
2025-04-03;692;1;77.20
2025-03-30;250;1;99.99
2025-02-05;138;1;2.99
2025-07-27;924;1;124.99
2025-09-10;555;1;310.93
2025-06-20;855;1;77.95
2025-06-03;360;1;8.98
2025-04-03;945;1;11.27
2025-04-19;510;1;27.98
2025-07-05;190;1;311.43
2025-01-09;112;1;153.45
2025-05-26;595;1;122.43
2025-06-15;826;1;72.97
2025-05-02;988;1;69.96
2025-05-12;447;1;5.98
2025-01-20;783;1;24.99
2025-09-07;898;1;84.42
2025-07-24;46;1;269.97
2025-04-30;939;1;107.47
2025-02-13;833;1;37.45
2025-05-17;98;1;44.97
2025-04-04;509;1;398.00
2025-06-02;626;1;6.49
2025-07-13;778;1;242.95
2025-05-04;644;1;206.95
2025-06-16;708;1;268.09
2025-06-11;342;1;149.97
2025-07-02;656;1;6.98
2025-01-21;547;1;55.97
2025-04-02;9;1;68.95
2025-01-19;15;1;17.98
2025-01-25;981;1;82.83
2025-04-25;261;1;25.44
2025-07-05;131;1;44.99
2025-08-27;132;1;49.99
2025-02-18;790;1;66.96
2025-08-15;298;1;9.46
2025-05-17;88;1;33.05
2025-02-04;967;1;25.03
2025-04-18;257;1;12.57
2025-08-15;760;1;235.83
2025-05-30;580;1;199.96
2025-04-08;489;1;130.43
2025-09-19;169;1;29.97
2025-05-25;671;1;159.95
2025-06-29;392;1;419.94
2025-04-20;521;1;4.58
2025-09-29;935;1;18.97
2025-09-08;483;1;89.99
2025-04-22;644;1;18.95
2025-05-15;927;1;17.97
2025-07-06;612;1;27.97
2025-04-22;68;1;5.38
2025-03-28;458;1;58.95
2025-09-06;567;1;395.55
2025-04-04;15;1;119.98
2025-04-15;43;1;147.96
2025-03-09;238;1;155.52
2025-09-16;599;1;185.95
2025-03-14;208;1;68.96
2025-03-09;65;1;369.89
2025-01-11;949;1;89.98
2025-04-27;249;1;3.99
2025-01-30;53;1;61.97
2025-02-03;260;1;286.93
2025-03-07;872;1;118.40
2025-02-21;677;1;18.57
2025-05-26;903;1;159.84
2025-04-11;62;1;19.96
2025-08-13;53;1;201.73
2025-08-20;984;1;216.43
2025-07-19;108;1;9.99
2025-04-12;690;1;444.97
2025-03-30;513;1;139.52
2025-06-06;961;1;4.29
2025-02-08;470;1;109.96
2025-09-17;771;1;85.97
2025-03-17;73;1;18.95
2025-01-17;868;1;75.97
2025-04-02;323;1;287.94
2025-08-10;199;1;38.97
2025-04-28;792;1;1079.97
2025-06-09;219;1;359.93
2025-09-17;803;1;34.99
2025-07-25;410;1;18.85
2025-01-03;727;1;12.99
2025-01-04;10;1;111.46
2025-01-23;926;1;71.96
2025-03-17;663;1;5.99
2025-09-24;423;1;9.46
2025-09-07;191;1;31.98
2025-03-02;191;1;209.96
2025-01-11;72;1;27.98
2025-07-24;105;1;14.65
2025-04-22;327;1;253.24
2025-04-21;419;1;124.96
2025-06-29;477;1;587.15
2025-08-03;150;1;108.95
2025-08-22;978;1;294.96
2025-01-23;728;1;29.99
2025-03-10;624;1;1434.93
2025-08-23;139;1;67.96
2025-08-16;379;1;16.47
2025-09-08;332;1;97.95
2025-07-16;713;1;23.26
2025-01-19;615;1;92.34
2025-04-25;357;1;179.97
2025-08-27;663;1;94.96
2025-02-20;450;1;8.58
2025-07-14;370;1;129.97
2025-09-05;974;1;70.00
2025-03-25;266;1;49.99
2025-03-15;105;1;134.24
2025-08-04;761;1;49.97
2025-03-10;892;1;56.97
2025-09-15;5;1;104.97
2025-03-22;575;1;1.99
2025-03-15;742;1;71.95
2025-08-21;347;1;14.99
2025-03-15;325;1;963.93
2025-08-06;510;1;102.44
2025-05-18;88;1;69.98
2025-04-09;520;1;769.72
2025-06-29;144;1;599.97
2025-09-22;672;1;31.98
2025-03-12;344;1;199.98
2025-05-26;676;1;342.44
2025-03-26;252;1;239.93
2025-01-28;753;1;18.28
2025-03-16;593;1;52.46
2025-01-26;642;1;149.97
2025-03-12;252;1;39.96
2025-06-22;305;1;305.95
2025-04-01;181;1;4.49
2025-05-24;274;1;149.95
2025-09-30;724;1;38.97
2025-06-08;292;1;8.97
2025-07-11;937;1;772.96
2025-08-06;525;1;25.97
2025-08-15;974;1;110.46
2025-02-20;42;1;73.41
2025-02-27;934;1;19.96
2025-08-09;240;1;16.55
2025-09-28;497;1;41.95
2025-09-01;458;1;5.37
2025-03-13;36;1;119.97
2025-07-13;913;1;106.76
2025-01-13;355;1;403.97
2025-04-26;447;1;15.35
2025-09-08;120;1;309.95
2025-02-12;103;1;16.47
2025-06-09;406;1;88.95
2025-01-22;45;1;54.99
2025-06-08;547;1;199.96
2025-08-14;377;1;6.58
2025-05-21;737;1;67.03
2025-05-20;460;1;5.99
2025-03-15;24;1;104.98
2025-07-07;165;1;2.58
2025-03-29;528;1;239.95
2025-04-24;359;1;139.98
2025-08-09;238;1;107.56
2025-09-23;7;1;110.25
2025-05-09;197;1;158.45
2025-07-23;428;1;27.97
2025-04-27;124;1;50.73
2025-03-01;797;1;160.93
2025-08-19;190;1;272.91
2025-07-24;314;1;3.49
2025-01-17;852;1;19.99
2025-03-13;2;1;359.97
2025-09-02;347;1;19.45
2025-06-07;17;1;112.98
2025-03-08;590;1;164.95
2025-05-28;281;1;17.95
2025-03-06;536;1;36.48
2025-03-30;398;1;45.98
2025-09-24;776;1;135.97
2025-06-26;371;1;179.98
2025-04-08;785;1;8.98
2025-03-09;468;1;22.99
2025-07-14;19;1;349.92
2025-09-12;68;1;174.24
2025-08-20;952;1;599.97
2025-09-09;305;1;12.56
2025-04-27;885;1;74.96
2025-07-25;92;1;30.95
2025-05-08;186;1;59.97
2025-06-20;881;1;78.54
2025-08-14;317;1;55.95
2025-07-18;298;1;72.55
2025-07-09;534;1;6.77
2025-02-03;26;1;44.99
2025-09-13;48;1;104.97
2025-01-29;863;1;634.93
2025-05-30;989;1;25.98
2025-07-30;110;1;2.29
2025-01-03;656;1;180.91
2025-05-14;987;1;272.45
2025-03-22;222;1;121.53
2025-05-07;191;1;43.51
2025-09-13;680;1;526.87
2025-04-17;741;1;197.93
2025-01-13;177;1;49.99
2025-06-02;178;1;239.97
2025-05-29;668;1;127.95
2025-02-11;704;1;89.97
2025-09-14;664;1;39.64
2025-02-20;561;1;142.44
2025-01-11;409;1;149.97
2025-04-29;183;1;14.97
2025-05-29;623;1;306.25
2025-03-22;124;1;11.58
2025-05-28;848;1;79.98
2025-07-24;96;1;159.98
2025-03-02;106;1;329.97
2025-04-07;166;1;134.97
2025-04-29;614;1;144.98
2025-05-10;452;1;219.91
2025-06-03;214;1;17.46
2025-01-29;515;1;166.43
2025-02-19;999;1;33.98
2025-05-23;988;1;259.97
2025-03-18;493;1;9.98
2025-04-22;597;1;33.96
2025-04-27;724;1;50.97
2025-03-08;233;1;142.92
2025-05-06;282;1;89.97
2025-08-24;834;1;25.99
2025-07-26;159;1;148.92
2025-01-21;460;1;50.95
2025-01-03;62;1;4.99
2025-09-11;517;1;49.98
2025-06-11;838;1;9.27
2025-07-31;966;1;3.99
2025-02-04;889;1;51.96
2025-05-18;771;1;324.96
2025-04-10;214;1;94.41
2025-05-01;469;1;89.97
2025-06-05;57;1;11.98
2025-08-17;9;1;18.96
2025-07-11;486;1;359.97
2025-09-21;292;1;43.65
2025-02-10;717;1;323.94
2025-06-29;774;1;12.87
2025-03-24;66;1;170.01
2025-05-20;611;1;14.97
2025-08-30;745;1;244.25
2025-07-23;778;1;28.47
2025-09-16;175;1;179.98
2025-02-27;804;1;93.96
2025-06-29;310;1;11.98
2025-07-24;909;1;103.36
2025-02-07;139;1;129.98
2025-01-05;155;1;8.97
2025-06-28;664;1;89.95
2025-03-05;387;1;54.87
2025-08-10;813;1;99.96
2025-01-08;505;1;188.42
2025-03-29;45;1;164.94
2025-07-29;717;1;52.97
2025-06-13;910;1;63.76
2025-01-04;251;1;254.95
2025-08-02;259;1;7.47
2025-05-16;591;1;40.97
2025-02-02;920;1;39.98
2025-07-05;498;1;50.00
2025-08-01;435;1;158.51
2025-04-09;635;1;125.94
2025-02-11;746;1;219.97
2025-02-05;830;1;360.48
2025-08-23;336;1;126.96
2025-09-29;512;1;8.97
2025-01-18;830;1;61.97
2025-01-02;394;1;44.96
2025-07-23;113;1;81.95
2025-02-27;264;1;15.99
2025-02-10;308;1;50.97
2025-05-12;675;1;59.97
2025-04-01;712;1;2.99
2025-04-18;770;1;2.99
2025-08-10;402;1;24.28
2025-09-05;149;1;259.95
2025-03-26;717;1;99.98
2025-04-01;70;1;7.47
2025-01-02;781;1;83.96
2025-09-07;193;1;12.98
2025-06-06;358;1;94.97
2025-08-09;701;1;76.45
2025-09-27;10;1;72.91
2025-04-30;478;1;48.46
2025-05-31;976;1;254.95
2025-06-17;392;1;5.99
2025-03-15;716;1;65.97
2025-04-13;362;1;39.98
2025-01-07;722;1;419.94
2025-06-19;905;1;274.98
2025-09-24;668;1;46.44
2025-08-02;408;1;79.98
2025-01-07;110;1;39.99
2025-04-20;192;1;58.96
2025-09-27;762;1;29.96
2025-03-05;479;1;15.53
2025-04-10;878;1;25.98
2025-07-23;257;1;239.97
2025-05-10;327;1;13.97
2025-09-09;460;1;184.96
2025-06-26;801;1;149.97
2025-09-15;310;1;128.94
2025-06-05;972;1;283.93
2025-08-19;242;1;38.97
2025-06-23;903;1;13.47
2025-05-04;616;1;24.99
2025-04-17;593;1;169.97
2025-07-11;344;1;15.99
2025-06-29;936;1;190.95
2025-06-12;958;1;85.84
2025-09-02;775;1;157.92
2025-07-30;956;1;61.95
2025-05-08;575;1;19.99
2025-08-08;35;1;59.97
2025-05-02;314;1;599.97
2025-08-12;192;1;69.98
2025-08-22;843;1;39.96
2025-08-05;693;1;31.98
2025-08-16;447;1;3.99
2025-05-24;421;1;89.97
2025-06-19;995;1;39.85
2025-09-01;161;1;213.53
2025-08-19;186;1;29.99
2025-03-21;950;1;58.46
2025-05-24;808;1;199.99
2025-07-01;87;1;184.17
2025-01-22;706;1;12.99
2025-09-17;242;1;269.97
2025-05-25;600;1;110.94
2025-04-18;696;1;109.95
2025-04-30;567;1;56.98
2025-08-11;917;1;244.43
2025-01-04;679;1;59.97
2025-08-07;847;1;2.99
2025-02-24;984;1;106.96
2025-03-13;652;1;167.91
2025-02-19;317;1;39.98
2025-04-03;26;1;177.92
2025-08-09;182;1;4.29
2025-03-25;846;1;84.95
2025-01-21;725;1;5.97
2025-02-09;267;1;74.57
2025-06-22;789;1;6.58
2025-01-24;754;1;11.98
2025-06-27;216;1;284.94
2025-02-13;155;1;128.40
2025-01-10;108;1;59.98
2025-08-02;850;1;61.96
2025-03-21;685;1;629.97
2025-08-30;823;1;95.29
2025-05-04;891;1;7.38
2025-05-17;957;1;39.98
2025-08-29;517;1;89.97
2025-07-09;862;1;8.86
2025-05-22;769;1;24.99
2025-03-17;975;1;24.99
2025-06-02;554;1;395.46
2025-09-29;587;1;39.99
2025-08-04;278;1;62.98
2025-09-16;546;1;10.99
2025-06-30;778;1;29.98
2025-08-10;624;1;79.98
2025-08-20;591;1;3.79
2025-08-14;148;1;212.44
2025-09-26;791;1;172.95
2025-06-16;459;1;20.55
2025-01-14;224;1;19.99
2025-05-23;754;1;391.71
2025-07-27;755;1;8.88
2025-05-07;683;1;34.99
2025-01-06;79;1;158.95
2025-08-25;720;1;11.37
2025-01-28;807;1;78.96
2025-03-18;903;1;231.24
2025-02-07;288;1;48.54
2025-09-08;812;1;154.55
2025-02-03;784;1;217.96
2025-08-28;861;1;59.97
2025-01-30;311;1;59.97
2025-06-07;569;1;302.46
2025-03-20;569;1;41.97
2025-08-02;858;1;119.97
2025-04-08;344;1;44.54
2025-08-28;837;1;254.94
2025-09-15;428;1;26.98
2025-07-22;8;1;276.90
2025-03-15;316;1;14.99
2025-03-29;106;1;110.82
2025-03-13;578;1;12.99
2025-05-18;194;1;188.93
2025-08-11;703;1;3.98
2025-08-06;863;1;19.99
2025-07-10;621;1;125.94
2025-07-07;836;1;30.97
2025-07-07;966;1;34.99
2025-08-11;768;1;49.98
2025-07-08;176;1;121.95
2025-02-17;634;1;119.98
2025-02-21;175;1;59.99
2025-05-20;944;1;98.43
2025-05-05;701;1;99.98
2025-09-19;430;1;99.98
2025-04-13;165;1;13.56
2025-04-01;687;1;14.99
2025-05-12;113;1;29.97
2025-05-25;432;1;282.84
2025-04-07;104;1;68.97
2025-08-12;497;1;44.95
2025-01-11;872;1;929.96
2025-08-21;730;1;109.96
2025-01-31;941;1;53.98
2025-02-11;458;1;309.95
2025-08-02;624;1;79.99
2025-04-14;224;1;9.98
2025-06-05;101;1;96.74
2025-02-26;216;1;65.96
2025-03-12;666;1;119.97
2025-09-14;17;1;19.47
2025-08-31;67;1;161.91
2025-08-01;577;1;53.45
2025-08-04;960;1;41.96
2025-09-27;234;1;7.98
2025-01-01;971;1;302.92
2025-08-13;854;1;5.49
2025-02-02;935;1;13.57
2025-02-28;414;1;2.58
2025-07-23;848;1;256.43
2025-07-27;136;1;73.95
2025-05-22;28;1;149.97
2025-09-15;193;1;7.78
2025-09-29;94;1;63.53
2025-06-09;46;1;99.98
2025-04-03;373;1;37.98
2025-09-27;563;1;5.99
2025-07-25;105;1;149.97
2025-04-30;431;1;539.97
2025-05-10;939;1;74.98
2025-09-29;779;1;38.85
2025-08-18;298;1;59.97
2025-06-28;106;1;10.47
2025-02-21;703;1;67.47
2025-03-14;378;1;41.97
2025-07-31;835;1;37.98
2025-07-13;69;1;29.99
2025-07-29;451;1;312.61
2025-02-02;669;1;89.97
2025-09-12;727;1;602.96
2025-07-20;702;1;563.32
2025-04-03;400;1;38.94
2025-08-25;372;1;11.98
2025-02-25;70;1;21.32
2025-08-12;878;1;142.96
2025-05-30;456;1;143.93
2025-06-12;794;1;164.96
2025-02-12;732;1;188.96
2025-08-16;249;1;6.87
2025-04-02;848;1;209.97
2025-07-22;41;1;29.99
2025-09-07;804;1;32.66
2025-02-18;726;1;119.98
2025-01-07;362;1;97.41
2025-07-21;909;1;132.24
2025-08-23;372;1;74.97
2025-01-27;73;1;11.96
2025-05-18;789;1;41.87
2025-08-15;673;1;26.45
2025-04-29;245;1;62.47
2025-08-11;954;1;49.98
2025-03-04;23;1;269.97
2025-04-15;712;1;139.98
2025-03-26;292;1;83.94
2025-05-15;464;1;28.97
2025-06-11;368;1;137.94
2025-04-29;942;1;9.99
2025-05-13;622;1;318.93
2025-01-13;299;1;157.87
2025-05-24;687;1;4.99
2025-07-29;148;1;125.23
2025-01-12;208;1;170.94
2025-09-01;165;1;738.90
2025-01-28;720;1;695.89
2025-03-29;351;1;40.97
2025-04-15;859;1;3.87
2025-05-25;955;1;38.44
2025-08-26;817;1;74.97
2025-08-10;214;1;12.99
2025-08-17;990;1;7.27
2025-04-30;940;1;20.04
2025-06-10;364;1;23.96
2025-02-18;902;1;149.42
2025-07-30;501;1;336.89
2025-09-28;663;1;140.95
2025-06-09;402;1;499.98
2025-01-13;33;1;32.32
2025-06-05;308;1;314.91
2025-01-07;313;1;25.95
2025-07-15;137;1;12.87
2025-02-15;11;1;49.99
2025-03-10;680;1;24.28
2025-09-06;171;1;145.95
2025-02-14;939;1;106.43
2025-02-25;505;1;78.70
2025-07-18;733;1;194.94
2025-06-13;223;1;17.98
2025-08-06;549;1;68.82
2025-03-27;540;1;96.94
2025-09-12;417;1;36.88
2025-09-10;143;1;89.97
2025-09-20;777;1;149.97
2025-09-23;31;1;4.99
2025-02-04;383;1;11.57
2025-07-03;958;1;77.95
2025-07-11;127;1;309.53
2025-09-23;256;1;61.93
2025-07-08;696;1;32.86
2025-07-27;575;1;89.97
2025-09-04;758;1;49.99
2025-06-09;805;1;179.97
2025-05-12;998;1;29.97
2025-07-23;792;1;14.99
2025-07-22;441;1;1281.92
2025-04-07;388;1;15.86
2025-01-04;19;1;239.97
2025-09-25;718;1;91.95
2025-03-09;628;1;34.44
2025-08-26;577;1;689.90
2025-08-19;465;1;14.97
2025-06-20;863;1;474.95
2025-03-17;560;1;154.42
2025-04-09;455;1;155.96
2025-01-20;411;1;57.95
2025-07-07;334;1;164.94
2025-06-23;772;1;57.98
2025-04-23;18;1;159.96
2025-08-12;798;1;243.96
2025-03-11;827;1;70.96
2025-03-10;394;1;591.87
2025-07-03;376;1;39.98
2025-06-10;755;1;179.97
2025-06-06;680;1;8.28
2025-03-01;874;1;82.85
2025-01-29;340;1;10.07
2025-04-26;658;1;68.95
2025-04-14;18;1;164.96
2025-07-01;63;1;29.98
2025-08-10;152;1;39.98
2025-04-18;708;1;39.99
2025-02-03;492;1;158.31
2025-07-11;406;1;12.98
2025-06-19;258;1;59.98
2025-02-16;999;1;39.98
2025-09-27;501;1;7.98
2025-08-26;234;1;105.72
2025-03-04;929;1;3.49
2025-06-11;292;1;283.13
2025-03-27;340;1;269.97
2025-08-23;120;1;204.43
2025-08-30;592;1;65.64
2025-02-07;392;1;269.96
2025-04-25;374;1;19.93
2025-02-18;889;1;34.99
2025-04-18;580;1;209.97
2025-02-23;1;1;129.97
2025-07-29;635;1;23.04
2025-04-08;312;1;12.87
2025-06-23;36;1;14.99
2025-09-02;474;1;927.92
2025-07-06;37;1;208.42
2025-09-29;380;1;14.97
2025-04-03;544;1;8.97
2025-06-14;351;1;614.43
2025-07-27;527;1;89.97
2025-02-18;996;1;15.87
2025-05-15;184;1;12.57
2025-02-07;63;1;26.45
2025-03-18;544;1;270.94
2025-08-12;121;1;162.96
2025-07-06;453;1;8.58
2025-08-23;575;1;205.98
2025-07-30;90;1;359.96
2025-04-10;939;1;19.46
2025-02-08;501;1;69.96
2025-01-02;29;1;179.97
2025-06-22;219;1;47.97
2025-01-11;696;1;19.98
2025-04-10;204;1;73.44
2025-09-16;675;1;282.92
2025-02-21;236;1;13.96
2025-07-09;585;1;74.97
2025-04-16;496;1;5.97
2025-06-21;826;1;25.98
2025-08-30;872;1;12.05
2025-09-08;189;1;40.48
2025-07-19;261;1;79.98
2025-01-15;699;1;7.49
2025-07-15;272;1;78.24
2025-04-15;688;1;160.93
2025-01-29;943;1;226.96
2025-03-27;461;1;668.93
2025-08-22;815;1;194.97
2025-09-21;824;1;284.95
2025-03-01;123;1;176.94
2025-05-20;275;1;99.96
2025-04-17;400;1;7.98
2025-01-28;885;1;37.46
2025-03-29;803;1;47.51
2025-03-28;636;1;3.98
2025-02-03;291;1;88.95
2025-01-27;172;1;444.95
2025-05-18;118;1;34.99
2025-09-21;352;1;171.95
2025-06-30;666;1;202.53
2025-04-06;325;1;143.93
2025-03-14;869;1;145.89
2025-08-19;918;1;77.95
2025-01-19;981;1;14.55
2025-05-03;476;1;30.96
2025-02-23;590;1;11.97
2025-04-23;37;1;24.99
2025-03-20;206;1;134.96
2025-03-12;174;1;87.48
2025-04-29;304;1;3.69
2025-07-29;754;1;23.64
2025-07-22;825;1;23.53
2025-05-11;306;1;23.94
2025-08-22;891;1;34.99
2025-06-12;415;1;2.79
2025-03-09;851;1;187.95
2025-03-31;789;1;107.58
2025-08-08;15;1;34.99
2025-04-03;488;1;289.96
2025-07-01;469;1;167.96
2025-05-12;936;1;77.96
2025-05-01;418;1;153.46
2025-03-21;879;1;239.97
2025-06-24;318;1;150.46
2025-09-21;773;1;84.83
2025-09-10;640;1;31.95
2025-01-14;519;1;24.56
2025-06-15;154;1;104.97
2025-07-14;903;1;100.45
2025-05-09;966;1;239.94
2025-04-14;202;1;30.97
2025-04-08;947;1;65.65
2025-02-20;883;1;176.41
2025-02-21;177;1;25.47
2025-07-04;920;1;79.97
2025-05-30;782;1;148.24
2025-07-07;8;1;29.99
2025-07-31;291;1;679.96
2025-09-26;319;1;22.99
2025-03-13;206;1;69.99
2025-09-12;284;1;14.16
2025-02-24;523;1;119.97
2025-03-26;843;1;123.26
2025-03-29;217;1;119.44
2025-05-04;134;1;287.94
2025-08-22;940;1;287.94
2025-05-23;752;1;53.47
2025-09-05;63;1;32.98
2025-01-03;45;1;39.99
2025-07-07;123;1;8.99
2025-09-03;281;1;14.99
2025-03-20;398;1;136.26
2025-01-06;606;1;66.97
2025-01-13;261;1;79.54
2025-01-22;783;1;8.38
2025-04-09;909;1;299.97
2025-04-14;900;1;122.93
2025-03-26;967;1;44.97
2025-02-08;350;1;959.97
2025-04-17;620;1;51.47
2025-02-28;40;1;104.44
2025-05-22;135;1;19.98
2025-05-13;507;1;98.56
2025-01-07;183;1;90.39
2025-05-17;818;1;10.47
2025-05-21;670;1;217.94
2025-02-18;589;1;301.28
2025-07-25;471;1;118.22
2025-09-15;265;1;11.37
2025-03-18;642;1;59.98
2025-01-04;818;1;24.99
2025-07-22;791;1;104.97
2025-09-02;253;1;199.96
2025-07-26;209;1;4.49
2025-01-24;965;1;19.85
2025-09-07;831;1;43.78
2025-02-05;674;1;1.99
2025-01-03;915;1;5.99
2025-04-11;49;1;33.28
2025-01-31;759;1;177.93
2025-02-25;206;1;99.99
2025-02-20;771;1;32.99
2025-04-04;511;1;249.97
2025-09-10;113;1;599.97
2025-06-03;462;1;188.93
2025-08-05;634;1;19.99
2025-08-27;25;1;7.98
2025-01-12;592;1;1.89
2025-07-29;641;1;71.95
2025-09-29;33;1;3.79
2025-04-16;346;1;49.57
2025-09-26;182;1;156.95
2025-06-08;665;1;199.94
2025-08-17;428;1;188.94
2025-05-21;529;1;17.95
2025-07-15;765;1;245.96
2025-06-07;250;1;9.98
2025-06-24;684;1;327.93
2025-04-06;408;1;219.82
2025-01-10;23;1;36.49
2025-01-17;313;1;49.98
2025-05-30;709;1;5.98
2025-07-03;187;1;71.44
2025-01-24;843;1;17.97
2025-09-17;601;1;8.98
2025-03-01;214;1;45.45
2025-05-21;392;1;6.58
2025-01-02;847;1;68.43
2025-04-14;321;1;288.89
2025-05-08;339;1;130.96
2025-08-12;794;1;119.97
2025-09-08;239;1;302.93
2025-06-04;138;1;207.93
2025-07-09;995;1;39.98
2025-04-05;20;1;7.78
2025-03-29;143;1;104.96
2025-06-09;140;1;24.97
2025-08-23;789;1;25.47
2025-02-26;407;1;78.46
2025-05-31;726;1;14.97
2025-01-21;964;1;109.24
2025-01-14;1000;1;93.26
2025-06-23;236;1;20.54
2025-06-15;197;1;142.52
2025-07-12;902;1;38.97
2025-09-20;438;1;314.74
2025-05-05;801;1;209.94
2025-05-05;363;1;29.98
2025-05-18;439;1;14.97
2025-07-06;740;1;98.95
2025-05-19;721;1;69.98
2025-07-06;109;1;59.98
2025-06-28;678;1;163.94
2025-03-29;450;1;100.44
2025-07-16;913;1;54.98
2025-05-28;857;1;25.56
2025-05-18;335;1;16.98
2025-06-30;989;1;335.91
2025-06-29;55;1;227.92
2025-02-28;259;1;627.43
2025-01-01;491;1;54.99
2025-04-20;298;1;99.98
2025-01-10;75;1;243.12
2025-04-11;116;1;14.97
2025-01-25;381;1;3.98
2025-09-02;528;1;47.46
2025-08-27;808;1;14.77
2025-01-20;145;1;199.96
2025-06-02;985;1;9.98
2025-01-12;601;1;219.98
2025-04-27;468;1;73.45
2025-05-04;122;1;46.93
2025-09-08;741;1;104.97
2025-06-06;233;1;6.98
2025-06-09;30;1;31.98
2025-09-07;365;1;6.58
2025-09-29;164;1;69.98
2025-06-08;806;1;46.96
2025-06-05;182;1;52.86
2025-07-01;714;1;224.25
2025-01-08;946;1;29.99
2025-02-15;986;1;79.98
2025-05-04;57;1;14.47
2025-04-29;289;1;25.76
2025-09-17;974;1;25.98
2025-08-10;988;1;84.96
2025-09-18;807;1;307.84
2025-01-09;658;1;274.16
2025-07-19;399;1;213.94
2025-05-17;369;1;146.83
2025-07-05;927;1;65.98
2025-03-08;614;1;41.35
2025-02-25;181;1;76.96
2025-01-12;378;1;74.97
2025-01-11;185;1;20.55
2025-03-09;322;1;104.98
2025-01-12;345;1;613.44
2025-08-19;916;1;269.97
2025-05-13;885;1;265.94
2025-05-27;210;1;13.86
2025-06-12;613;1;79.98
2025-08-14;200;1;35.00
2025-09-12;726;1;563.87
2025-07-21;974;1;198.93
2025-08-28;10;1;665.77
2025-02-01;678;1;14.25
2025-02-15;799;1;211.93
2025-09-03;799;1;103.03
2025-09-06;580;1;269.97
2025-04-17;470;1;39.98
2025-07-12;768;1;43.97
2025-07-13;554;1;151.96
2025-01-29;599;1;50.93
2025-02-20;806;1;75.96
2025-08-11;207;1;106.95
2025-02-11;775;1;26.83
2025-03-02;429;1;94.96
2025-08-13;574;1;175.45
2025-03-11;676;1;89.97
2025-07-14;529;1;29.98
2025-04-07;727;1;63.48
2025-08-26;685;1;59.98
2025-08-27;884;1;16.96
2025-06-18;763;1;59.98
2025-03-19;53;1;10.47
2025-05-28;617;1;94.43
2025-07-30;944;1;79.98
2025-09-03;720;1;6.97
2025-09-16;51;1;297.93
2025-05-06;510;1;38.34
2025-09-15;104;1;6.98
2025-05-05;309;1;18.75
2025-01-31;447;1;279.97
2025-02-27;61;1;107.95
2025-05-24;726;1;18.98
2025-08-14;148;1;69.98
2025-02-10;581;1;149.96
2025-05-04;635;1;13.95
2025-03-13;210;1;30.46
2025-01-16;301;1;79.98
2025-09-11;781;1;200.03
2025-09-12;473;1;5.99
2025-04-03;772;1;9.87
2025-03-08;845;1;210.96
2025-04-04;919;1;17.98
2025-03-01;322;1;460.82
2025-06-24;540;1;168.04
2025-04-27;510;1;6.87
2025-02-23;146;1;47.45
2025-04-20;741;1;87.97
2025-07-19;351;1;4.19
2025-05-10;948;1;17.96
2025-02-18;357;1;399.98
2025-02-15;928;1;49.98
2025-08-28;892;1;16.49
2025-03-24;797;1;9.98
2025-01-13;509;1;96.84
2025-08-16;373;1;17.98
2025-05-05;653;1;24.99
2025-04-26;46;1;5.98
2025-03-13;780;1;179.91
2025-05-17;822;1;73.55
2025-09-09;624;1;29.99
2025-07-15;262;1;36.47
2025-04-24;347;1;69.98
2025-08-02;929;1;69.98
2025-02-22;589;1;249.96
2025-09-15;895;1;106.55
2025-07-22;402;1;116.95
2025-05-11;868;1;59.99
2025-04-07;487;1;171.95
2025-06-22;236;1;299.97
2025-03-14;852;1;188.95
2025-07-30;310;1;3.29
2025-05-27;628;1;44.47
2025-02-16;359;1;34.99
2025-02-21;460;1;51.55
2025-06-06;580;1;17.97
2025-05-26;268;1;79.98
2025-06-06;610;1;517.93
2025-05-30;880;1;3.99
2025-01-11;202;1;149.97
2025-02-11;628;1;101.27
2025-04-02;274;1;24.99
2025-01-08;66;1;35.99
2025-04-13;296;1;94.93
2025-07-27;114;1;100.44
2025-05-22;681;1;2.49
2025-08-08;736;1;17.97
2025-04-20;646;1;38.97
2025-01-03;824;1;5.58
2025-05-10;838;1;58.97
2025-06-01;577;1;6.98
2025-04-30;661;1;328.95
2025-09-01;326;1;9.98
2025-07-20;6;1;95.91
2025-07-04;546;1;84.98
2025-06-12;862;1;49.98
2025-08-22;523;1;122.96
2025-02-27;376;1;227.42
2025-09-25;796;1;7.99
2025-05-05;936;1;150.54
2025-07-31;391;1;8.58
2025-01-30;354;1;10.58
2025-01-22;535;1;68.95
2025-09-08;863;1;16.98
2025-05-24;973;1;269.94
2025-08-22;225;1;588.13
2025-02-18;76;1;203.73
2025-08-20;747;1;62.95
2025-01-16;736;1;8.47
2025-03-04;114;1;61.96
2025-03-08;758;1;56.97
2025-09-22;559;1;197.43
2025-02-08;159;1;30.56
2025-05-31;329;1;14.97
2025-04-08;571;1;43.96
2025-09-03;152;1;71.14
2025-07-16;775;1;148.95
2025-08-13;213;1;296.84
2025-02-01;867;1;31.96
2025-07-03;723;1;4.99
2025-07-24;93;1;224.97
2025-09-24;883;1;258.96
2025-09-30;274;1;212.83
2025-05-06;341;1;8.38
2025-04-30;813;1;17.97
2025-07-19;162;1;303.97
2025-09-05;642;1;299.91
2025-02-19;24;1;21.14
2025-02-11;723;1;17.45
2025-05-31;391;1;32.97
2025-05-10;170;1;274.95
2025-08-10;833;1;136.92
2025-07-04;318;1;6.99
2025-08-11;722;1;75.98
2025-07-10;477;1;124.96
2025-03-18;874;1;52.45
2025-05-05;147;1;9.98
2025-02-25;96;1;16.47
2025-02-16;758;1;55.44
2025-02-26;697;1;14.99
2025-06-17;639;1;176.43
2025-01-28;485;1;249.94
2025-08-24;26;1;104.96
2025-07-21;857;1;106.96
2025-03-23;278;1;89.97
2025-05-01;833;1;186.44
2025-07-01;591;1;31.94
2025-02-20;703;1;88.54
2025-06-19;617;1;7.99
2025-08-23;938;1;86.97
2025-03-15;328;1;8.58
2025-09-16;516;1;40.44
2025-05-01;553;1;7.98
2025-05-20;67;1;29.99
2025-04-14;476;1;14.46
2025-08-27;284;1;59.97
2025-06-07;315;1;7.98
2025-05-13;794;1;73.47
2025-08-11;555;1;744.93
2025-05-03;239;1;55.44
2025-08-06;505;1;72.44
2025-07-26;122;1;30.46
2025-08-26;562;1;116.34
2025-06-15;52;1;52.83
2025-05-09;452;1;179.98
2025-02-19;816;1;229.96
2025-04-07;573;1;16.99
2025-04-02;188;1;159.98
2025-02-28;247;1;609.96
2025-04-24;43;1;214.95
2025-03-22;782;1;106.97
2025-02-19;607;1;87.42
2025-08-08;357;1;149.94
2025-01-06;234;1;33.48
2025-01-31;720;1;6.23
2025-04-06;681;1;35.34
2025-02-23;340;1;191.42
2025-08-16;781;1;175.84
2025-06-28;852;1;82.96
2025-01-19;675;1;3.58
2025-01-23;96;1;10.47
2025-05-03;945;1;25.98
2025-04-20;159;1;199.96
2025-02-25;85;1;89.97
2025-07-08;138;1;49.98
2025-05-18;16;1;3.49
2025-07-11;467;1;224.94
2025-05-22;837;1;74.97
2025-08-16;852;1;64.15
2025-03-18;332;1;33.97
2025-05-12;268;1;159.98
2025-04-14;344;1;172.24
2025-06-20;430;1;99.96
2025-02-27;62;1;636.49
2025-02-22;447;1;262.41
2025-04-16;361;1;22.97
2025-05-10;339;1;472.07
2025-01-06;179;1;11.98
2025-02-27;178;1;18.75
2025-02-19;236;1;276.42
2025-01-17;200;1;48.96
2025-02-24;605;1;164.97
2025-08-29;609;1;59.97
2025-04-21;931;1;674.95
2025-01-20;316;1;203.72
2025-07-31;496;1;58.97
2025-07-19;766;1;11.07
2025-07-04;458;1;199.99
2025-04-04;801;1;391.91
2025-01-06;831;1;499.98
2025-02-09;150;1;10.47
2025-02-06;728;1;191.43
2025-05-01;421;1;59.98
2025-03-23;322;1;46.95
2025-03-14;712;1;68.94
2025-03-12;41;1;9.99
2025-09-29;241;1;84.45
2025-07-27;130;1;341.43
2025-03-03;608;1;309.95
2025-07-22;729;1;25.98
2025-06-03;821;1;62.94
2025-04-23;695;1;98.97
2025-01-18;413;1;4.99
2025-08-26;814;1;6.87
2025-05-21;267;1;104.97
2025-09-06;311;1;53.47
2025-04-20;7;1;27.97
2025-05-27;344;1;22.99
2025-07-22;369;1;179.98
2025-02-05;840;1;218.93
2025-08-25;719;1;39.94
2025-04-25;689;1;252.95
2025-03-07;629;1;18.98
2025-06-25;710;1;5.58
2025-02-09;229;1;89.97
2025-09-14;736;1;29.99
2025-03-20;822;1;20.96
2025-05-09;890;1;119.97
2025-08-21;398;1;59.98
2025-08-05;995;1;61.97
2025-04-05;842;1;220.94
2025-09-18;943;1;128.94
2025-06-28;783;1;34.99
2025-02-01;933;1;227.94
2025-09-19;281;1;93.42
2025-03-11;23;1;38.97
2025-06-21;108;1;107.93
2025-08-29;717;1;17.97
2025-03-19;985;1;1.29
2025-07-07;875;1;28.85
2025-09-21;124;1;29.99
2025-04-06;239;1;259.97
2025-02-13;204;1;31.68
2025-09-08;323;1;499.98
2025-01-11;486;1;148.95
2025-01-29;288;1;64.96
2025-01-01;365;1;247.46
2025-06-03;234;1;119.59
2025-06-02;272;1;5.99
2025-03-18;863;1;6.99
2025-04-26;354;1;27.84
2025-04-08;391;1;89.98
2025-04-06;206;1;105.95
2025-01-26;712;1;269.97
2025-09-16;801;1;25.98
2025-04-08;785;1;104.43
2025-08-04;477;1;52.97
2025-01-19;260;1;329.94
2025-02-09;809;1;961.92
2025-08-27;324;1;14.97
2025-05-19;538;1;3.50
2025-06-09;9;1;31.98
2025-02-15;25;1;11.47
2025-04-10;894;1;189.84
2025-02-19;84;1;27.96
2025-03-18;192;1;151.24
2025-09-06;767;1;47.47
2025-04-15;694;1;8.58
2025-07-18;896;1;185.27
2025-06-09;534;1;313.92
2025-08-07;471;1;259.95
2025-06-21;831;1;28.96
2025-08-26;330;1;271.94
2025-02-17;987;1;74.97
2025-04-26;950;1;40.93
2025-07-19;555;1;246.95
2025-09-02;162;1;144.96
2025-03-26;380;1;394.92
2025-08-02;111;1;286.93
2025-02-24;84;1;110.54
2025-09-13;256;1;35.53
2025-04-13;903;1;2.58
2025-09-23;442;1;4.49
